-- MySQL dump 10.13  Distrib 5.5.35, for debian-linux-gnu (i686)
--
-- Host: localhost    Database: coleta_seletiva_development
-- ------------------------------------------------------
-- Server version	5.5.35-0ubuntu0.12.04.2

/*!40101 SET @OLD_CHARACTER_SET_CLIENT=@@CHARACTER_SET_CLIENT */;
/*!40101 SET @OLD_CHARACTER_SET_RESULTS=@@CHARACTER_SET_RESULTS */;
/*!40101 SET @OLD_COLLATION_CONNECTION=@@COLLATION_CONNECTION */;
/*!40101 SET NAMES utf8 */;
/*!40103 SET @OLD_TIME_ZONE=@@TIME_ZONE */;
/*!40103 SET TIME_ZONE='+00:00' */;
/*!40014 SET @OLD_UNIQUE_CHECKS=@@UNIQUE_CHECKS, UNIQUE_CHECKS=0 */;
/*!40014 SET @OLD_FOREIGN_KEY_CHECKS=@@FOREIGN_KEY_CHECKS, FOREIGN_KEY_CHECKS=0 */;
/*!40101 SET @OLD_SQL_MODE=@@SQL_MODE, SQL_MODE='NO_AUTO_VALUE_ON_ZERO' */;
/*!40111 SET @OLD_SQL_NOTES=@@SQL_NOTES, SQL_NOTES=0 */;

--
-- Table structure for table `answer_collections`
--

DROP TABLE IF EXISTS `answer_collections`;
/*!40101 SET @saved_cs_client     = @@character_set_client */;
/*!40101 SET character_set_client = utf8 */;
CREATE TABLE `answer_collections` (
  `id` int(11) NOT NULL AUTO_INCREMENT,
  `answer_id` int(11) DEFAULT NULL,
  `text` varchar(255) DEFAULT NULL,
  `value` varchar(255) DEFAULT NULL,
  `created_at` datetime DEFAULT NULL,
  `updated_at` datetime DEFAULT NULL,
  `event_js` varchar(255) DEFAULT NULL,
  PRIMARY KEY (`id`),
  KEY `index_answer_collections_on_answer_id` (`answer_id`)
) ENGINE=InnoDB AUTO_INCREMENT=863 DEFAULT CHARSET=utf8;
/*!40101 SET character_set_client = @saved_cs_client */;

--
-- Dumping data for table `answer_collections`
--

LOCK TABLES `answer_collections` WRITE;
/*!40000 ALTER TABLE `answer_collections` DISABLE KEYS */;
INSERT INTO `answer_collections` VALUES (1,21,'Sim -> Ir para GM01.1','true','2013-11-20 19:45:57','2013-11-20 19:45:57','show( \'GM01.1\' ); setFocus( \'GM01.1\' );'),(2,21,'Não-> Ir para GM02','false','2013-11-20 19:45:57','2013-11-20 19:45:57','hide( \'GM01.1\' ); setFocus( \'GM02\' );'),(3,23,'Sim -> Ir para GM02.1.','true','2013-11-20 19:46:58','2013-11-20 19:46:58','show( \'GM02.1\' ); setFocus( \'GM02.1\' );'),(4,23,'Não -> Ir para GM03.','false','2013-11-20 19:46:58','2013-11-20 19:46:58','hide( \'GM02.1\' ); setFocus( \'GM03\' );'),(5,25,'Sim -> Ir para GM03.1','true','2013-11-20 19:47:54','2013-11-20 19:47:54','show( \'GM03.1\' ); setFocus( \'GM03.1\' );'),(6,25,'Não -> Ir para GM04','false','2013-11-20 19:47:54','2013-11-20 19:47:54','hide( \'GM03.1\' ); setFocus( \'GM04\' );'),(7,27,'Sim -> Ir para GM04.1','true','2013-11-20 19:48:33','2013-11-20 19:48:33','show( \'GM04.1\' ); setFocus( \'GM04.1\' );'),(8,27,'Não -> Ir para GM05.','false','2013-11-20 19:48:33','2013-11-20 19:48:33','hide( \'GM04.1\' ); setFocus( \'GM05\' );'),(9,29,'Sim -> Ir para GM05.1.','true','2013-11-20 19:49:11','2013-11-20 19:49:11','show( \'GM05.1\' ); setFocus( \'GM05.1\' ); show( \'GM05.1.1\' ); show( \'GM05.2\' ); show( \'GM05.2.1\' ); show( \'GM05.3\' ); show( \'GM05.3.1\' );'),(10,29,'Não -> Ir para o Bloco 3.','false','2013-11-20 19:49:11','2013-11-20 19:49:11','hide( \'GM05.1\' ); hide( \'GM05.1.1\' ); hide( \'GM05.2\' ); hide( \'GM05.2.1\' ); hide( \'GM05.3\' ); hide( \'GM05.3.1\' ); setFocus( \'QF01\' );'),(11,30,'Sim -> Ir para GM05.1.1','true','2013-11-20 19:51:29','2013-11-20 19:51:29',NULL),(12,30,'Não -> Ir para o Bloco 3.','false','2013-11-20 19:51:29','2013-11-20 19:51:29',NULL),(13,32,'Sim -> Ir para GM05.2.1','true','2013-11-20 19:52:20','2013-11-20 19:52:20',NULL),(14,32,'Não -> Ir para o Bloco 3','false','2013-11-20 19:52:20','2013-11-20 19:52:20',NULL),(15,34,'Sim -> Ir para GM05.3.1','true','2013-11-20 19:53:08','2013-11-20 19:53:08',NULL),(16,34,'Não -> Ir para o Bloco 3','false','2013-11-20 19:53:08','2013-11-20 19:53:08',NULL),(17,39,'Extra-quadro','true','2013-11-21 17:06:07','2013-11-21 17:06:07',NULL),(18,39,'Servidor efetivo','false','2013-11-21 17:06:07','2013-11-21 17:06:07',NULL),(19,45,'Sim -> Ir para CS01.1.1','true','2013-11-21 17:16:08','2013-11-21 17:16:08',NULL),(20,45,'Não -> Ir para CS01.2','false','2013-11-21 17:16:08','2013-11-21 17:16:08',NULL),(21,46,'Telefone da Secretaria','Telefone da Secretaria','2013-11-21 17:17:11','2013-11-21 17:17:11',NULL),(22,46,'Telefone exclusivo','Telefone exclusivo','2013-11-21 17:17:11','2013-11-21 17:17:11',NULL),(23,46,'E-mail exclusivo','E-mail exclusivo','2013-11-21 17:17:11','2013-11-21 17:17:11',NULL),(24,46,'Telefone e e-mail exclusivo','Telefone e e-mail exclusivo','2013-11-21 17:17:11','2013-11-21 17:17:11',NULL),(25,47,'Sim -> Ir para CS01.2.1','true','2013-11-21 17:18:41','2013-11-21 17:18:41',NULL),(26,47,'Não -> Ir para CS03','false','2013-11-21 17:18:41','2013-11-21 17:18:41',NULL),(27,48,'Telefone da Secretaria','Telefone da Secretaria','2013-11-21 17:19:22','2013-11-21 17:19:22',NULL),(28,48,'Telefone exclusivo','Telefone exclusivo','2013-11-21 17:19:22','2013-11-21 17:19:22',NULL),(29,48,'E-mail exclusivo','E-mail exclusivo','2013-11-21 17:19:22','2013-11-21 17:19:22',NULL),(30,48,'Telefone e e-mail exclusivo','Telefone e e-mail exclusivo','2013-11-21 17:19:22','2013-11-21 17:19:22',NULL),(31,49,'Sim -> Ir para CS02.1.','true','2013-11-21 17:20:21','2013-11-21 17:20:21',NULL),(32,49,'Não -> Ir para CS03','false','2013-11-21 17:20:21','2013-11-21 17:20:21',NULL),(33,53,'Contrato','Contrato','2013-11-21 17:21:35','2013-11-21 17:21:35',NULL),(34,53,'Convênio','Convênio','2013-11-21 17:21:35','2013-11-21 17:21:35',NULL),(35,53,'Servidor efetivo','Servidor efetivo','2013-11-21 17:21:35','2013-11-21 17:21:35',NULL),(36,54,'Fórum de Resíduos Sólidos','Fórum de Resíduos Sólidos','2013-11-21 17:25:35','2013-11-21 17:25:35',NULL),(37,54,'Conselhos Municipais de Meio Ambiente','Conselhos Municipais de Meio Ambiente','2013-11-21 17:25:35','2013-11-21 17:25:35',NULL),(38,54,'ONG’s de ação local','ONG’s de ação local','2013-11-21 17:25:35','2013-11-21 17:25:35',NULL),(39,54,'Instituições de Ensino e/ou Pesquisa','Instituições de Ensino e/ou Pesquisa','2013-11-21 17:25:35','2013-11-21 17:25:35',NULL),(40,54,'Associações de Moradores','Associações de Moradores','2013-11-21 17:25:35','2013-11-21 17:25:35',NULL),(41,54,'Igrejas','Igrejas','2013-11-21 17:25:35','2013-11-21 17:25:35',NULL),(42,54,'Sindicatos','Sindicatos','2013-11-21 17:25:35','2013-11-21 17:25:35',NULL),(43,54,'Federação de catadores','Federação de catadores','2013-11-21 17:25:35','2013-11-21 17:25:35',NULL),(44,54,'Movimento de catadores','Movimento de catadores','2013-11-21 17:25:35','2013-11-21 17:25:35',NULL),(45,54,'Outros','Outros','2013-11-21 17:25:35','2013-11-21 17:25:35',NULL),(46,56,'Sim -> Ir para RSU01.1','true','2013-11-21 17:36:30','2013-11-21 17:36:30',NULL),(47,56,'Não -> Ir para RSU02','false','2013-11-21 17:36:30','2013-11-21 17:36:30',NULL),(48,58,'Gestão de resíduos','Gestão de resíduos','2013-11-21 17:37:26','2013-11-21 17:37:26',NULL),(49,58,'Disposição final de RSU','Disposição final de RSU','2013-11-21 17:37:26','2013-11-21 17:37:26',NULL),(50,58,'De meio ambiente','De meio ambiente','2013-11-21 17:37:26','2013-11-21 17:37:26',NULL),(51,59,'Em discussão -> Ir para RSU02','Em discussão -> Ir para RSU02','2013-11-21 17:38:31','2013-11-21 17:38:31',NULL),(52,59,'Em formalização -> Ir para RSU02','Em formalização -> Ir para RSU02','2013-11-21 17:38:31','2013-11-21 17:38:31',NULL),(53,59,'Formalizado -> Ir para RSU01.4.; RSU01.5.','Formalizado -> Ir para RSU01.4.; RSU01.5.','2013-11-21 17:38:31','2013-11-21 17:38:31',NULL),(54,67,'Secretaria Municipal-> Ir para RSU05','Secretaria Municipal-> Ir para RSU05','2013-11-21 17:41:30','2013-11-21 17:41:30',NULL),(55,67,'Empresa mista-> Ir para RSU04.1.','Empresa mista-> Ir para RSU04.1.','2013-11-21 17:41:30','2013-11-21 17:41:30',NULL),(56,67,'Empresa pública -> Ir para RSU04.1.','Empresa pública -> Ir para RSU04.1.','2013-11-21 17:41:30','2013-11-21 17:41:30',NULL),(57,67,'Empresa terceirizada -> Ir para RSU04.1.','Empresa terceirizada -> Ir para RSU04.1.','2013-11-21 17:41:30','2013-11-21 17:41:30',NULL),(58,67,'Outros-> Ir para RSU04.1.','Outros-> Ir para RSU04.1.','2013-11-21 17:41:30','2013-11-21 17:41:30',NULL),(59,77,'Sim, ainda em andamento -> Ir para CS01.1','Sim, ainda em andamento -> Ir para CS01.1','2013-11-22 11:21:38','2013-11-22 11:21:38',NULL),(60,77,'Sim, mas foi interrompida-> Ir para CS01.1','Sim, mas foi interrompida-> Ir para CS01.1','2013-11-22 11:21:38','2013-11-22 11:21:38',NULL),(61,77,'Não-> Ir para CS02.','Não-> Ir para CS02.','2013-11-22 11:21:38','2013-11-22 11:21:38',NULL),(62,77,'Não sabe-> Ir para CS02.','Não sabe-> Ir para CS02.','2013-11-22 11:21:38','2013-11-22 11:21:38',NULL),(63,81,'Secretaria Municipal','Secretaria Municipal','2013-11-22 11:23:57','2013-11-22 11:23:57',NULL),(64,81,'Empresa pública','Empresa pública','2013-11-22 11:23:57','2013-11-22 11:23:57',NULL),(65,81,'Autarquia','Autarquia','2013-11-22 11:23:57','2013-11-22 11:23:57',NULL),(66,81,'Empresa privada','Empresa privada','2013-11-22 11:23:57','2013-11-22 11:23:57',NULL),(67,81,'ONG','ONG','2013-11-22 11:23:57','2013-11-22 11:23:57',NULL),(68,81,'Associações de Moradores','Associações de Moradores','2013-11-22 11:23:57','2013-11-22 11:23:57',NULL),(69,81,'Outros -> Ir para CS01.2.1.','Outros -> Ir para CS01.2.1.','2013-11-22 11:23:57','2013-11-22 11:23:57',NULL),(70,83,'Porta a porta com caminhão -> Ir para CS01.4.; CS01.5','Porta a porta com caminhão -> Ir para CS01.4.; CS01.5','2013-11-22 11:27:04','2013-11-22 11:27:04',NULL),(71,83,'Porta a porta com carrinho de mão -> Ir para CS01.4.; CS01.5','Porta a porta com carrinho de mão -> Ir para CS01.4.; CS01.5','2013-11-22 11:27:04','2013-11-22 11:27:04',NULL),(72,83,'Locais de Entrega Voluntária (LEVs)','Locais de Entrega Voluntária (LEVs)','2013-11-22 11:27:04','2013-11-22 11:27:04',NULL),(73,83,'Pontos de Entrega Voluntária','Pontos de Entrega Voluntária','2013-11-22 11:27:04','2013-11-22 11:27:04',NULL),(74,83,'Áreas de Transbordo e Triagem (ATTs)','Áreas de Transbordo e Triagem (ATTs)','2013-11-22 11:27:04','2013-11-22 11:27:04',NULL),(75,83,'Ponto a ponto (estabelecimentos comerciais, escolas, etc.)','Ponto a ponto (estabelecimentos comerciais, escolas, etc.)','2013-11-22 11:27:04','2013-11-22 11:27:04',NULL),(76,83,'Outros','Outros','2013-11-22 11:27:04','2013-11-22 11:27:04',NULL),(77,87,'Não','Não','2013-11-22 11:28:11','2013-11-22 11:28:11',NULL),(78,87,'Sim, apenas em Lixão e/ou área de transbordo','Sim, apenas em Lixão e/ou área de transbordo','2013-11-22 11:28:11','2013-11-22 11:28:11',NULL),(79,87,'Sim, apenas em Logradouros públicos','Sim, apenas em Logradouros públicos','2013-11-22 11:28:11','2013-11-22 11:28:11',NULL),(80,87,'Sim, tanto em Lixão e/ou área de transbordo como em Logradouros públicos','Sim, tanto em Lixão e/ou área de transbordo como em Logradouros públicos','2013-11-22 11:28:11','2013-11-22 11:28:11',NULL),(81,88,'Sim, cadastradas na Prefeitura -> Ir para CS03.1.','Sim, cadastradas na Prefeitura -> Ir para CS03.1.','2013-11-22 11:28:42','2013-11-22 11:28:42',NULL),(82,88,'Sim mas sem cadastro na Prefeitura','Sim mas sem cadastro na Prefeitura','2013-11-22 11:28:42','2013-11-22 11:28:42',NULL),(83,88,'Não foram identificadas -> Ir para CS04.','Não foram identificadas -> Ir para CS04.','2013-11-22 11:28:42','2013-11-22 11:28:42',NULL),(84,90,'Sim -> Ir para CS04.1.','Sim -> Ir para CS04.1.','2013-11-22 11:29:36','2013-11-22 11:29:36',NULL),(85,90,'Não -> Ir para CS05.','Não -> Ir para CS05.','2013-11-22 11:29:36','2013-11-22 11:29:36',NULL),(86,91,'Contrato de prestação de serviço','Contrato de prestação de serviço','2013-11-22 11:30:24','2013-11-22 11:30:24',NULL),(87,91,'Convênio','Convênio','2013-11-22 11:30:24','2013-11-22 11:30:24',NULL),(88,91,'Termo de cooperação técnica','Termo de cooperação técnica','2013-11-22 11:30:24','2013-11-22 11:30:24',NULL),(89,91,'Outro','Outro','2013-11-22 11:30:24','2013-11-22 11:30:24',NULL),(90,93,'Sim','true','2013-11-22 11:31:13','2013-11-22 11:31:13',NULL),(91,93,'Não','false','2013-11-22 11:31:13','2013-11-22 11:31:13',NULL),(92,95,'Sim -> Ir para CS06.1.','true','2013-11-22 11:31:51','2013-11-22 11:31:51',NULL),(93,95,'Não -> Ir para o Bloco 7','false','2013-11-22 11:31:51','2013-11-22 11:31:51',NULL),(94,96,'Secretaria Municipal','Secretaria Municipal','2013-11-22 11:34:30','2013-11-22 11:34:30',NULL),(95,96,'Empresa pública','Empresa pública','2013-11-22 11:34:30','2013-11-22 11:34:30',NULL),(96,96,'Empresa mista','Empresa mista','2013-11-22 11:34:30','2013-11-22 11:34:30',NULL),(97,96,'Empresa privada','Empresa privada','2013-11-22 11:34:30','2013-11-22 11:34:30',NULL),(98,96,'ONG','ONG','2013-11-22 11:34:30','2013-11-22 11:34:30',NULL),(99,96,'Associações de Moradores','Associações de Moradores','2013-11-22 11:34:30','2013-11-22 11:34:30',NULL),(100,96,'Cooperativas/Associação','Cooperativas/Associação','2013-11-22 11:34:30','2013-11-22 11:34:30',NULL),(101,96,'Ainda não definido','Ainda não definido','2013-11-22 11:34:30','2013-11-22 11:34:30',NULL),(102,97,'Porta a porta com caminhão','Porta a porta com caminhão','2013-11-22 11:35:40','2013-11-22 11:35:40',NULL),(103,97,'Porta a porta com carrinho de mão','Porta a porta com carrinho de mão','2013-11-22 11:35:40','2013-11-22 11:35:40',NULL),(104,97,'Locais de Entrega Voluntária (LEVs)','Locais de Entrega Voluntária (LEVs)','2013-11-22 11:35:40','2013-11-22 11:35:40',NULL),(105,97,'Pontos de Entrega Voluntária','Pontos de Entrega Voluntária','2013-11-22 11:35:40','2013-11-22 11:35:40',NULL),(106,97,'Áreas de Transbordo e Triagem (ATTs)','Áreas de Transbordo e Triagem (ATTs)','2013-11-22 11:35:40','2013-11-22 11:35:40',NULL),(107,97,'Ponto a ponto (estabelecimentos comerciais, escolas, órgãos públicos, etc.)','Ponto a ponto (estabelecimentos comerciais, escolas, órgãos públicos, etc.)','2013-11-22 11:35:40','2013-11-22 11:35:40',NULL),(108,97,'Outros','Outros','2013-11-22 11:35:40','2013-11-22 11:35:40',NULL),(109,99,'Sim, já foi escolhido -> Ir para CSS02.1.1.','Sim, já foi escolhido -> Ir para CSS02.1.1.','2013-11-22 11:36:36','2013-11-22 11:36:36',NULL),(110,99,'Ainda não foi escolhido -> Ir para CSS02.1.1.','Ainda não foi escolhido -> Ir para CSS02.1.1.','2013-11-22 11:36:36','2013-11-22 11:36:36',NULL),(111,99,'Já existe uma rota de coleta em andamento -> Ir para o Bloco 8.','Já existe uma rota de coleta em andamento -> Ir para o Bloco 8.','2013-11-22 11:36:36','2013-11-22 11:36:36',NULL),(112,101,'Sim -> Ir para IEA02.','Sim -> Ir para IEA02.','2013-11-22 11:39:03','2013-11-22 11:39:03',NULL),(113,101,'Não -> Ir para IEA03.','Não -> Ir para IEA03.','2013-11-22 11:39:03','2013-11-22 11:39:03',NULL),(114,113,'Município','Município','2013-11-22 11:47:54','2013-11-22 11:47:54',NULL),(115,113,'Organização de Catadores (Assoc/Coop)','Organização de Catadores (Assoc/Coop)','2013-11-22 11:47:54','2013-11-22 11:47:54',NULL),(116,113,'Iniciativa Privada','Iniciativa Privada','2013-11-22 11:47:54','2013-11-22 11:47:54',NULL),(117,113,'Outros','Outros','2013-11-22 11:47:54','2013-11-22 11:47:54',NULL),(118,146,'Sim -> Ir para FDR01.1.','true','2013-11-22 12:05:03','2013-11-22 12:05:03',NULL),(119,146,'Não-> Ir para o Bloco 10','false','2013-11-22 12:05:03','2013-11-22 12:05:03',NULL),(120,147,'Resíduos Sólidos Industriais','Resíduos Sólidos Industriais','2013-11-22 12:05:51','2013-11-22 12:05:51',NULL),(121,147,'Pilhas e baterias','Pilhas e baterias','2013-11-22 12:05:51','2013-11-22 12:05:51',NULL),(122,147,'Pneumáticos inservíveis','Pneumáticos inservíveis','2013-11-22 12:05:51','2013-11-22 12:05:51',NULL),(123,147,'Resíduos eletroeletrônicos','Resíduos eletroeletrônicos','2013-11-22 12:05:51','2013-11-22 12:05:51',NULL),(124,147,'Resíduos de serviço de saúde','Resíduos de serviço de saúde','2013-11-22 12:05:51','2013-11-22 12:05:51',NULL),(135,195,'Apenas durante a semana (2ª a 6ª)','1','2014-02-06 23:29:22','2014-02-06 23:29:22',''),(136,195,'Apenas no fim de semana (sábados e domingos)','2','2014-02-06 23:29:22','2014-02-06 23:29:22',''),(137,195,'Todos os dias','3','2014-02-06 23:29:22','2014-02-06 23:29:22',''),(138,195,'Sem dia de trabalho definido','4','2014-02-06 23:29:22','2014-02-06 23:29:22',''),(139,196,'Em atividade','1','2014-02-06 23:30:20','2014-02-06 23:30:20',''),(140,196,'Atividades Suspensas','2','2014-02-06 23:30:20','2014-02-06 23:30:20',''),(141,196,'Fechada','3','2014-02-06 23:30:20','2014-02-06 23:30:20',''),(142,208,'Apenas durante a semana (2ª a 6ª)','1','2014-02-07 00:29:39','2014-02-07 00:29:39',''),(143,208,'Apenas no fim de semana (sábados e domingos)','2','2014-02-07 00:29:39','2014-02-07 00:29:39',''),(144,208,'Todos os dias ','3','2014-02-07 00:29:39','2014-02-07 00:29:39',''),(145,208,'Sem dia de trabalho definido','4','2014-02-07 00:29:39','2014-02-07 00:29:39',''),(146,209,'Em atividade','1','2014-02-07 00:30:24','2014-02-07 00:30:24',''),(147,209,'Atividades Suspensas','2','2014-02-07 00:30:24','2014-02-07 00:30:24',''),(148,209,'Fechada','3','2014-02-07 00:30:24','2014-02-07 00:30:24',''),(149,210,'Municipal','1','2014-02-07 00:31:02','2014-02-07 00:31:02',''),(150,210,'Federal','2','2014-02-07 00:31:02','2014-02-07 00:31:02',''),(151,210,'Estadual','3','2014-02-07 00:31:02','2014-02-07 00:31:02',''),(152,221,'Apenas durante a semana (2ª a 6ª)','1','2014-02-09 13:34:32','2014-02-09 13:34:32',''),(153,221,'Apenas no fim de semana (sábados e domingos)','2','2014-02-09 13:34:32','2014-02-09 13:34:32',''),(154,221,'Todos os dias ','3','2014-02-09 13:34:32','2014-02-09 13:34:32',''),(155,221,'Sem dia de trabalho definido','4','2014-02-09 13:34:32','2014-02-09 13:34:32',''),(156,222,'Em atividade','1','2014-02-09 13:35:12','2014-02-09 13:35:12',''),(157,222,'Atividades Suspensas','2','2014-02-09 13:35:12','2014-02-09 13:35:12',''),(158,222,'Fechada','3','2014-02-09 13:35:12','2014-02-09 13:35:12',''),(159,223,'Municipal','1','2014-02-09 13:35:48','2014-02-09 13:35:48',''),(160,223,'Federal','2','2014-02-09 13:35:48','2014-02-09 13:35:48',''),(161,223,'Estadual','3','2014-02-09 13:35:48','2014-02-09 13:35:48',''),(162,327,'Apenas durante a semana (2ª a 6ª)','1','2014-02-09 15:06:10','2014-02-09 15:06:10',''),(163,327,'Apenas no fim de semana (sábados e domingos)','2','2014-02-09 15:06:10','2014-02-09 15:06:10',''),(164,327,'Todos os dias ','3','2014-02-09 15:06:10','2014-02-09 15:06:10',''),(165,327,'Sem dia de trabalho definido','4','2014-02-09 15:06:10','2014-02-09 15:06:10',''),(166,328,'Em atividade','1','2014-02-09 15:06:34','2014-02-09 15:06:34',''),(167,328,'De licença','2','2014-02-09 15:06:34','2014-02-09 15:08:57',''),(168,328,'Saiu','3','2014-02-09 15:06:34','2014-02-09 15:08:57',''),(169,329,'Catador','1','2014-02-09 15:06:58','2014-02-09 15:08:31',''),(170,329,'Motorista','2','2014-02-09 15:06:58','2014-02-09 15:08:31',''),(171,329,'Triagem','3','2014-02-09 15:06:58','2014-02-09 15:08:31',''),(172,329,'Prensagem','4','2014-02-09 15:08:31','2014-02-09 15:08:31',''),(173,329,'Fragmentação','5','2014-02-09 15:08:31','2014-02-09 15:08:31',''),(174,329,'Venda','6','2014-02-09 15:08:31','2014-02-09 15:08:31',''),(175,329,'Administrativo','7','2014-02-09 15:08:31','2014-02-09 15:08:31',''),(176,323,'Masculino','1','2014-02-09 15:09:38','2014-02-09 15:09:38',''),(177,323,'Feminino','2','2014-02-09 15:09:38','2014-02-09 15:09:38',''),(178,343,'Manhã','1','2014-02-09 15:52:24','2014-02-09 15:52:24',''),(179,343,'Tarde','2','2014-02-09 15:52:24','2014-02-09 15:52:24',''),(180,343,'Noite','3','2014-02-09 15:52:24','2014-02-09 15:52:24',''),(181,344,'Manhã','1','2014-02-09 15:56:10','2014-02-09 15:56:10',''),(182,344,'Tarde','2','2014-02-09 15:56:10','2014-02-09 15:56:10',''),(183,344,'Noite','3','2014-02-09 15:56:10','2014-02-09 15:56:10',''),(184,345,'Manhã','1','2014-02-09 15:56:28','2014-02-09 15:56:28',''),(185,345,'Tarde','2','2014-02-09 15:56:28','2014-02-09 15:56:28',''),(186,345,'Noite','3','2014-02-09 15:56:28','2014-02-09 15:56:28',''),(187,346,'Manhã','1','2014-02-09 15:56:49','2014-02-09 15:56:49',''),(188,346,'Tarde','2','2014-02-09 15:56:49','2014-02-09 15:56:49',''),(189,346,'Noite','3','2014-02-09 15:56:49','2014-02-09 15:56:49',''),(190,347,'Manhã','1','2014-02-09 15:57:07','2014-02-09 15:57:07',''),(191,347,'Tarde','2','2014-02-09 15:57:07','2014-02-09 15:57:07',''),(192,347,'Noite','3','2014-02-09 15:57:07','2014-02-09 15:57:07',''),(193,348,'Manhã','1','2014-02-09 15:57:24','2014-02-09 15:57:24',''),(194,348,'Tarde','2','2014-02-09 15:57:24','2014-02-09 15:57:24',''),(195,348,'Noite','3','2014-02-09 15:57:24','2014-02-09 15:57:24',''),(196,349,'Manhã','1','2014-02-09 15:57:55','2014-02-09 15:57:55',''),(197,349,'Tarde','2','2014-02-09 15:57:55','2014-02-09 15:57:55',''),(198,349,'Noite','3','2014-02-09 15:57:55','2014-02-09 15:57:55',''),(201,354,'Sim','1','2014-02-09 16:05:13','2014-02-09 16:05:13',''),(202,354,'Não','2','2014-02-09 16:05:13','2014-02-09 16:05:13',''),(203,353,'Sim -> Ir para IF04.1','1','2014-02-09 16:08:13','2014-02-09 16:08:13',''),(204,353,'Não -> Ir para RH01','2','2014-02-09 16:08:13','2014-02-09 16:08:13',''),(205,353,'Não sei - Ir para RH01','3','2014-02-09 16:08:13','2014-02-09 16:08:13',''),(206,357,'Sim-> Ir para RH02.1.; RH02.2. e RH02.3.','1','2014-02-09 16:11:22','2014-02-09 16:11:22',''),(207,357,'Não-> Ir para RH03.','2','2014-02-09 16:11:22','2014-02-09 16:11:22',''),(208,360,'Sim','1','2014-02-09 16:11:57','2014-02-09 16:11:57',''),(209,360,'Não','2','2014-02-09 16:11:57','2014-02-09 16:11:57',''),(210,362,'Terceirizada','1','2014-02-09 16:12:38','2014-02-09 16:12:38',''),(211,362,'Municipal','2','2014-02-09 16:12:38','2014-02-09 16:12:38',''),(213,366,'Restos de comida','1','2014-02-09 16:20:24','2014-02-09 16:20:24',''),(214,366,'Vidros','2','2014-02-09 16:20:24','2014-02-09 16:20:24',''),(215,366,'Papéis','3','2014-02-09 16:20:24','2014-02-09 16:20:24',''),(216,366,'Pilhas e baterias','4','2014-02-09 16:20:24','2014-02-09 16:20:24',''),(217,366,'Papelão','5','2014-02-09 16:20:24','2014-02-09 16:20:24',''),(218,366,'Cartuchos de impressora/tonner','6','2014-02-09 16:20:24','2014-02-09 16:20:24',''),(219,366,'Óleo vegetal','7','2014-02-09 16:20:24','2014-02-09 16:20:24',''),(220,366,'Plásticos','8','2014-02-09 16:20:24','2014-02-09 16:20:24',''),(221,366,'Lâmpadas fluorescentes','9','2014-02-09 16:20:24','2014-02-09 16:20:24',''),(222,366,'Metais','10','2014-02-09 16:20:24','2014-02-09 16:20:24',''),(223,366,'Resíduo de serviço de saúde','11','2014-02-09 16:20:24','2014-02-09 16:20:24',''),(224,368,'Restos de comida','1','2014-02-09 16:28:50','2014-02-09 16:28:50',''),(225,368,'Vidros','2','2014-02-09 16:28:50','2014-02-09 16:28:50',''),(226,368,'Papéis','3','2014-02-09 16:28:50','2014-02-09 16:28:50',''),(227,368,'Pilhas e baterias','4','2014-02-09 16:28:50','2014-02-09 16:28:50',''),(228,368,'Metais','5','2014-02-09 16:28:50','2014-02-09 16:28:50',''),(229,368,'Papelão','6','2014-02-09 16:28:50','2014-02-09 16:28:50',''),(230,368,'Cartuchos de impressora/tonner','7','2014-02-09 16:28:50','2014-02-09 16:28:50',''),(231,368,'Plásticos','8','2014-02-09 16:28:50','2014-02-09 16:28:50',''),(232,368,'Lâmpadas fluorescentes  ','9','2014-02-09 16:28:50','2014-02-09 16:28:50',''),(233,368,'Resíduo de Serviço de Saúde','10','2014-02-09 16:28:50','2014-02-09 16:28:50',''),(234,368,'Óleo de vegetal','11','2014-02-09 16:28:50','2014-02-09 16:28:50',''),(235,370,'Sim-> Ir para PGR03.1. e PGR04','1','2014-02-09 16:29:27','2014-02-09 16:29:27',''),(236,370,'Não -> Ir para PGR04.','2','2014-02-09 16:29:27','2014-02-09 16:29:27',''),(237,371,'Balança','1','2014-02-09 16:29:51','2014-02-09 16:29:51',''),(238,371,'Números de sacos','2','2014-02-09 16:29:51','2014-02-09 16:29:51',''),(239,371,'Estimativa visual ','3','2014-02-09 16:29:51','2014-02-09 16:29:51',''),(240,372,'Cozinha','1','2014-02-09 16:30:22','2014-02-09 16:30:22',''),(241,372,'Cantina','2','2014-02-09 16:30:22','2014-02-09 16:30:22',''),(242,372,'Enfermaria','3','2014-02-09 16:30:22','2014-02-09 16:30:22',''),(243,372,'Refeitório','4','2014-02-09 16:30:22','2014-02-09 16:30:22',''),(244,373,'Coletado diretamente por serviço de limpeza','1','2014-02-09 16:31:43','2014-02-09 16:31:43',''),(245,373,'Colocado em caçamba de serviço de limpeza','2','2014-02-09 16:31:43','2014-02-09 16:31:43',''),(246,373,'Queimado (na propriedade)','3','2014-02-09 16:31:43','2014-02-09 16:31:43',''),(247,373,'Enterrado (na propriedade)','4','2014-02-09 16:31:43','2014-02-09 16:31:43',''),(248,373,'Jogado em terreno baldio ou logradouro','5','2014-02-09 16:31:43','2014-02-09 16:31:43',''),(249,373,'Jogado em rio, lago ou mar','6','2014-02-09 16:31:43','2014-02-09 16:31:43',''),(250,373,'Tem outro destino ','7','2014-02-09 16:31:43','2014-02-09 16:31:43',''),(251,373,'Separado na fonte (Coleta seletiva) ','8','2014-02-09 16:31:43','2014-02-09 16:31:43',''),(252,374,'Sim','1','2014-02-09 16:32:05','2014-02-09 16:32:05',''),(253,374,'Não','2','2014-02-09 16:32:05','2014-02-09 16:32:05',''),(254,375,'Sim-> Ir para PGR07.1.','1','2014-02-09 16:32:26','2014-02-09 16:32:26',''),(255,375,'Não-> Ir para o Bloco 6','2','2014-02-09 16:32:26','2014-02-09 16:32:26',''),(256,376,'Mesa','1','2014-02-09 16:33:16','2014-02-09 16:33:16',''),(257,376,'Cadeira','2','2014-02-09 16:33:16','2014-02-09 16:33:16',''),(258,376,'Computador','3','2014-02-09 16:33:16','2014-02-09 16:33:16',''),(259,376,'Impressora','4','2014-02-09 16:33:16','2014-02-09 16:33:16',''),(260,376,'Ar condicionado','5','2014-02-09 16:33:16','2014-02-09 16:33:16',''),(261,376,'Armários/Estantes','6','2014-02-09 16:33:16','2014-02-09 16:33:16',''),(262,376,'Tv','7','2014-02-09 16:33:16','2014-02-09 16:33:16',''),(263,376,'DVD','8','2014-02-09 16:33:16','2014-02-09 16:33:16',''),(264,376,'Rádio','9','2014-02-09 16:33:16','2014-02-09 16:33:16',''),(265,378,'Sim','1','2014-02-09 16:35:20','2014-02-09 16:35:20',''),(266,378,'Não','2','2014-02-09 16:35:20','2014-02-09 16:35:20',''),(267,379,'Sim','1','2014-02-09 16:35:35','2014-02-09 16:35:35',''),(268,379,'Não','2','2014-02-09 16:35:35','2014-02-09 16:35:35',''),(269,380,'Sim, venda','1','2014-02-09 16:36:03','2014-02-09 16:36:03',''),(270,380,'Sim, doação','2','2014-02-09 16:36:03','2014-02-09 16:36:03',''),(271,380,'Não','3','2014-02-09 16:36:03','2014-02-09 16:36:03',''),(272,381,'Sim','1','2014-02-09 16:37:46','2014-02-09 16:37:46',''),(273,381,'Não','2','2014-02-09 16:37:46','2014-02-09 16:37:46',''),(274,381,'Não sabe','3','2014-02-09 16:37:46','2014-02-09 16:37:46',''),(275,383,'Sim','1','2014-02-09 16:38:33','2014-02-09 16:38:33',''),(276,383,'Não','2','2014-02-09 16:38:33','2014-02-09 16:38:33',''),(277,383,'Não sabe','3','2014-02-09 16:38:33','2014-02-09 16:38:33',''),(278,384,'Sim, formal','1','2014-02-09 16:38:54','2014-02-09 16:38:54',''),(279,384,'Sim, informal','2','2014-02-09 16:38:54','2014-02-09 16:38:54',''),(280,384,'Não','3','2014-02-09 16:38:54','2014-02-09 16:38:54',''),(281,385,'Sim-> Ir para SCA01.1.','1','2014-02-09 16:40:57','2014-02-09 16:40:57',''),(282,385,'Não-> Ir para SCA02.','2','2014-02-09 16:40:57','2014-02-09 16:40:57',''),(283,386,'Site','1','2014-02-09 16:41:31','2014-02-09 16:41:31',''),(284,386,'Intranet','2','2014-02-09 16:41:31','2014-02-09 16:41:31',''),(285,386,'Informativos impressos','3','2014-02-09 16:41:31','2014-02-09 16:41:31',''),(286,386,'Quadros de Avisos','4','2014-02-09 16:41:31','2014-02-09 16:41:31',''),(287,388,'Sim','1','2014-02-09 16:42:21','2014-02-09 16:42:21',''),(288,388,'Não','2','2014-02-09 16:42:21','2014-02-09 16:42:21',''),(289,389,'Sim','1','2014-02-09 16:42:37','2014-02-09 16:42:37',''),(290,389,'Não','2','2014-02-09 16:42:37','2014-02-09 16:42:37',''),(291,390,'Sim-> Ir para ENT01.1','1','2014-02-09 16:44:29','2014-02-09 16:44:29',''),(292,390,'Não-> Ir para ENT02','2','2014-02-09 16:44:29','2014-02-09 16:44:29',''),(293,391,'Outros prédios públicos','1','2014-02-09 16:44:57','2014-02-09 16:44:57',''),(294,391,'Prédios Comerciais','2','2014-02-09 16:44:57','2014-02-09 16:44:57',''),(295,391,'Escolas','3','2014-02-09 16:44:57','2014-02-09 16:44:57',''),(296,391,'Hospitais','4','2014-02-09 16:44:57','2014-02-09 16:44:57',''),(297,393,'Segunda','1','2014-02-09 16:45:36','2014-02-09 16:45:36',''),(298,393,'Terça','2','2014-02-09 16:45:36','2014-02-09 16:45:36',''),(299,393,'Quarta','3','2014-02-09 16:45:36','2014-02-09 16:45:36',''),(300,393,'Quinta','4','2014-02-09 16:45:36','2014-02-09 16:45:36',''),(301,393,'Sexta','5','2014-02-09 16:45:36','2014-02-09 16:45:36',''),(302,393,'Sábado','6','2014-02-09 16:45:36','2014-02-09 16:45:36',''),(303,393,'Domingo','7','2014-02-09 16:45:36','2014-02-09 16:45:36',''),(304,394,'Manhã','1','2014-02-09 16:45:59','2014-02-09 16:45:59',''),(305,394,'Tarde','2','2014-02-09 16:45:59','2014-02-09 16:45:59',''),(306,394,'Noite','3','2014-02-09 16:45:59','2014-02-09 16:45:59',''),(307,412,'Manhã','1','2014-02-09 18:13:57','2014-02-09 18:13:57',''),(308,412,'Tarde','2','2014-02-09 18:13:57','2014-02-09 18:13:57',''),(309,412,'Noite','3','2014-02-09 18:13:57','2014-02-09 18:13:57',''),(310,413,'Manhã','1','2014-02-09 18:14:10','2014-02-09 18:14:10',''),(311,413,'Tarde','2','2014-02-09 18:14:10','2014-02-09 18:14:10',''),(312,413,'Noite','3','2014-02-09 18:14:10','2014-02-09 18:14:10',''),(313,414,'Manhã','1','2014-02-09 18:14:22','2014-02-09 18:14:22',''),(314,414,'Tarde','2','2014-02-09 18:14:22','2014-02-09 18:14:22',''),(315,414,'Noite','3','2014-02-09 18:14:22','2014-02-09 18:14:22',''),(316,415,'Manhã','1','2014-02-09 18:15:45','2014-02-09 18:15:45',''),(317,415,'Tarde','2','2014-02-09 18:15:45','2014-02-09 18:15:45',''),(318,415,'Noite','3','2014-02-09 18:15:45','2014-02-09 18:15:45',''),(319,416,'Manhã','1','2014-02-09 18:16:04','2014-02-09 18:16:04',''),(320,416,'Tarde','2','2014-02-09 18:16:04','2014-02-09 18:16:04',''),(321,416,'Noite','3','2014-02-09 18:16:04','2014-02-09 18:16:04',''),(322,417,'Manhã','1','2014-02-09 18:16:30','2014-02-09 18:16:30',''),(323,417,'Tarde','2','2014-02-09 18:16:30','2014-02-09 18:16:30',''),(324,417,'Noite','3','2014-02-09 18:16:30','2014-02-09 18:16:30',''),(325,418,'Manhã','1','2014-02-09 18:16:48','2014-02-09 18:16:48',''),(326,418,'Tarde','2','2014-02-09 18:16:48','2014-02-09 18:16:48',''),(327,418,'Noite','3','2014-02-09 18:16:48','2014-02-09 18:16:48',''),(328,424,'Municipal','1','2014-02-09 18:21:38','2014-02-09 18:21:38',''),(329,424,'Estadual','2','2014-02-09 18:21:38','2014-02-09 18:21:38',''),(330,424,'Federal','3','2014-02-09 18:21:38','2014-02-09 18:21:38',''),(331,427,'Sim','1','2014-02-09 18:24:28','2014-02-09 18:24:28',''),(332,427,'Não','2','2014-02-09 18:24:28','2014-02-09 18:24:28',''),(333,428,'Sim','1','2014-02-09 18:24:44','2014-02-09 18:24:44',''),(334,428,'Não','2','2014-02-09 18:24:44','2014-02-09 18:24:44',''),(335,429,'Sim -> Ir para IEF05.1','1','2014-02-09 18:25:05','2014-02-09 18:25:05',''),(336,429,'Não -> Ir para PGR01','2','2014-02-09 18:25:05','2014-02-09 18:25:05',''),(337,430,'Sim','1','2014-02-09 18:25:18','2014-02-09 18:25:18',''),(338,430,'Não','2','2014-02-09 18:25:18','2014-02-09 18:25:18',''),(339,431,'Restos de comida','1','2014-02-09 18:28:24','2014-02-09 18:28:24',''),(340,431,'Vidros','2','2014-02-09 18:28:24','2014-02-09 18:28:24',''),(341,431,'Papéis','3','2014-02-09 18:28:24','2014-02-09 18:28:24',''),(342,431,'Pilhas e baterias','4','2014-02-09 18:28:24','2014-02-09 18:28:24',''),(343,431,'Papelão','5','2014-02-09 18:28:24','2014-02-09 18:28:24',''),(344,431,'Cartuchos de impressora/tonner','6','2014-02-09 18:28:24','2014-02-09 18:28:24',''),(345,431,'Plásticos','7','2014-02-09 18:28:24','2014-02-09 18:28:24',''),(346,431,'Lâmpadas fluorescentes','8','2014-02-09 18:28:24','2014-02-09 18:28:24',''),(347,431,'Metais','9','2014-02-09 18:28:24','2014-02-09 18:28:24',''),(348,431,'Resíduo de Serviço de saúde','10','2014-02-09 18:28:24','2014-02-09 18:28:24',''),(349,431,'Óleo vegetal','11','2014-02-09 18:28:24','2014-02-09 18:28:24',''),(350,433,'Sim-> Ir para PGR02.1. e PGR03','1','2014-02-09 18:29:59','2014-02-09 18:29:59',''),(351,433,'Não -> Ir para PGR04.','2','2014-02-09 18:29:59','2014-02-09 18:29:59',''),(352,434,'Balança','1','2014-02-09 18:30:35','2014-02-09 18:30:35',''),(353,434,'Números de sacos','2','2014-02-09 18:30:35','2014-02-09 18:30:35',''),(354,434,'Estimativa visual ','3','2014-02-09 18:30:35','2014-02-09 18:30:35',''),(355,435,'Restos de comida','1','2014-02-09 18:31:49','2014-02-09 18:31:49',''),(356,435,'Vidros','2','2014-02-09 18:31:49','2014-02-09 18:31:49',''),(357,435,'Papéis','3','2014-02-09 18:31:49','2014-02-09 18:31:49',''),(358,435,'Pilhas e baterias','4','2014-02-09 18:31:49','2014-02-09 18:31:49',''),(359,435,'Metais','5','2014-02-09 18:31:49','2014-02-09 18:31:49',''),(360,435,'Papelão','6','2014-02-09 18:31:49','2014-02-09 18:31:49',''),(361,435,'Cartuchos de impressora/tonner','7','2014-02-09 18:31:49','2014-02-09 18:31:49',''),(362,435,'Plásticos','8','2014-02-09 18:31:49','2014-02-09 18:31:49',''),(363,435,'Lâmpadas fluorescentes ','9','2014-02-09 18:31:49','2014-02-09 18:31:49',''),(364,435,'Resíduo de Serviço de Saúde','10','2014-02-09 18:31:49','2014-02-09 18:31:49',''),(365,435,'Óleo de vegetal ','11','2014-02-09 18:31:49','2014-02-09 18:31:49',''),(366,435,'Outros','12','2014-02-09 18:32:32','2014-02-09 18:32:32',''),(367,437,'Cozinha','1','2014-02-09 18:33:40','2014-02-09 18:33:40',''),(368,437,'Cantina','2','2014-02-09 18:33:40','2014-02-09 18:33:40',''),(369,437,'Enfermaria','3','2014-02-09 18:33:40','2014-02-09 18:33:40',''),(370,437,'Refeitório','4','2014-02-09 18:33:40','2014-02-09 18:33:40',''),(371,438,'Coletado diretamente por serviço de limpeza','1','2014-02-09 18:34:41','2014-02-09 18:34:41',''),(372,438,'Colocado em caçamba de serviço de limpeza','2','2014-02-09 18:34:41','2014-02-09 18:34:41',''),(373,438,'Queimado (na propriedade)','3','2014-02-09 18:34:41','2014-02-09 18:34:41',''),(374,438,'Enterrado (na propriedade)','4','2014-02-09 18:34:41','2014-02-09 18:34:41',''),(375,438,'Enterrado (na propriedade)','5','2014-02-09 18:34:41','2014-02-09 18:34:41',''),(376,438,'Jogado em rio, lago ou mar','6','2014-02-09 18:34:41','2014-02-09 18:34:41',''),(377,438,'Tem outro destino ','7','2014-02-09 18:34:41','2014-02-09 18:34:41',''),(378,438,'Separado na fonte (Coleta seletiva) ','8','2014-02-09 18:34:41','2014-02-09 18:34:41',''),(379,439,'Sim','1','2014-02-09 18:35:12','2014-02-09 18:35:12',''),(380,439,'Não','2','2014-02-09 18:35:12','2014-02-09 18:35:12',''),(381,440,'Sim','1','2014-02-09 18:42:05','2014-02-09 18:42:05',''),(382,440,'Não','2','2014-02-09 18:42:05','2014-02-09 18:42:05',''),(383,441,'Sim','1','2014-02-09 18:42:21','2014-02-09 18:42:21',''),(384,441,'Não','2','2014-02-09 18:42:21','2014-02-09 18:42:21',''),(385,442,'Sim','1','2014-02-09 18:42:39','2014-02-09 18:42:39',''),(386,442,'Não','2','2014-02-09 18:42:39','2014-02-09 18:42:39',''),(387,443,'Segunda','1','2014-02-09 18:43:17','2014-02-09 18:43:17',''),(388,443,'Terça','2','2014-02-09 18:43:17','2014-02-09 18:43:17',''),(389,443,'Quarta','3','2014-02-09 18:43:17','2014-02-09 18:43:17',''),(390,443,'Quinta','4','2014-02-09 18:43:17','2014-02-09 18:43:17',''),(391,443,'Sexta','5','2014-02-09 18:43:17','2014-02-09 18:43:17',''),(392,443,'Sábado','6','2014-02-09 18:43:17','2014-02-09 18:43:17',''),(393,443,'Domingo','7','2014-02-09 18:43:17','2014-02-09 18:43:17',''),(394,444,'Sim-> Ir para GRE04.1','1','2014-02-09 18:43:36','2014-02-09 18:43:36',''),(395,444,'Não -> Ir para GRE05.','2','2014-02-09 18:43:36','2014-02-09 18:43:36',''),(398,446,'Sim-> Ir para GRE04.2.','1','2014-02-09 18:45:02','2014-02-09 18:45:02',''),(399,446,'Não -> Ir para GRE05.','2','2014-02-09 18:45:02','2014-02-09 18:45:02',''),(400,447,'Cooperativa/Associação de catadores','1','2014-02-09 18:46:43','2014-02-09 18:46:43',''),(401,447,'Catador individual','2','2014-02-09 18:46:43','2014-02-09 18:46:43',''),(402,447,'Sucateiro da região','3','2014-02-09 18:46:43','2014-02-09 18:46:43',''),(403,447,'O fabricante providencia a coleta','4','2014-02-09 18:46:43','2014-02-09 18:46:43',''),(404,447,'Outros','5','2014-02-09 18:46:43','2014-02-09 18:46:43',''),(405,448,'Sim-> Ir para GRE05.1.','1','2014-02-09 18:47:06','2014-02-09 18:47:06',''),(406,448,'Não -> Ir para GRE06.','2','2014-02-09 18:47:06','2014-02-09 18:47:06',''),(407,449,'Cooperativa/Associação de catadores','1','2014-02-09 18:47:50','2014-02-09 18:47:50',''),(408,449,'Catador individual','2','2014-02-09 18:47:50','2014-02-09 18:47:50',''),(409,449,'Sucateiro da região','3','2014-02-09 18:47:50','2014-02-09 18:47:50',''),(410,449,'Outros','4','2014-02-09 18:47:50','2014-02-09 18:47:50',''),(411,450,'Sim-> Ir para GRE07.1.','1','2014-02-09 18:48:20','2014-02-09 18:48:20',''),(412,450,'Não -> Ir para Bloco 6','2','2014-02-09 18:48:20','2014-02-09 18:48:20',''),(413,455,'Sim','1','2014-02-09 18:56:14','2014-02-09 18:56:14',''),(414,455,'Não','2','2014-02-09 18:56:15','2014-02-09 18:56:15',''),(415,455,'Não sabe','3','2014-02-09 18:56:15','2014-02-09 18:56:15',''),(416,456,'Sim','1','2014-02-09 18:56:38','2014-02-09 18:56:38',''),(417,456,'Não','2','2014-02-09 18:56:38','2014-02-09 18:56:38',''),(418,456,'Não sabe','3','2014-02-09 18:56:38','2014-02-09 18:56:38',''),(419,457,'Sim','1','2014-02-09 18:57:05','2014-02-09 18:57:05',''),(420,457,'Não','2','2014-02-09 18:57:05','2014-02-09 18:57:05',''),(421,457,'Não sabe','3','2014-02-09 18:57:05','2014-02-09 18:57:56',''),(422,458,'Sim','1','2014-02-09 18:57:25','2014-02-09 18:57:25',''),(423,458,'Não','2','2014-02-09 18:57:25','2014-02-09 18:57:25',''),(424,458,'Não sabe','3','2014-02-09 18:57:25','2014-02-09 18:57:25',''),(425,459,'Sim','1','2014-02-09 18:59:12','2014-02-09 18:59:12',''),(426,459,'Não','2','2014-02-09 18:59:12','2014-02-09 18:59:12',''),(427,460,'Sim','1','2014-02-09 18:59:28','2014-02-09 18:59:28',''),(428,460,'Não','2','2014-02-09 18:59:28','2014-02-09 18:59:28',''),(429,461,'Falta de área de acúmulo','1','2014-02-09 19:00:04','2014-02-09 19:00:04',''),(430,461,'Falta de lixeiras, bigbags e sacos diferenciados','2','2014-02-09 19:00:04','2014-02-09 19:00:04',''),(431,461,'Falta de recursos financeiros','3','2014-02-09 19:00:04','2014-02-09 19:00:04',''),(432,461,'Falta de recursos humanos','4','2014-02-09 19:00:04','2014-02-09 19:00:04',''),(433,461,'Falta treinamento de pessoal','5','2014-02-09 19:00:04','2014-02-09 19:00:04',''),(434,473,'Manhã','1','2014-02-09 19:14:00','2014-02-09 19:14:00',''),(435,473,'Tarde','2','2014-02-09 19:14:00','2014-02-09 19:14:00',''),(436,473,'Noite','3','2014-02-09 19:14:00','2014-02-09 19:14:00',''),(437,474,'Manhã','1','2014-02-09 19:14:18','2014-02-09 19:14:18',''),(438,474,'Tarde','2','2014-02-09 19:14:18','2014-02-09 19:14:18',''),(439,474,'Noite','3','2014-02-09 19:14:18','2014-02-09 19:14:18',''),(440,475,'Manhã','1','2014-02-09 19:14:33','2014-02-09 19:14:33',''),(441,475,'Tarde','2','2014-02-09 19:14:33','2014-02-09 19:14:33',''),(442,475,'Noite','3','2014-02-09 19:14:33','2014-02-09 19:14:33',''),(443,476,'Manhã','1','2014-02-09 19:15:03','2014-02-09 19:15:03',''),(444,476,'Tarde','2','2014-02-09 19:15:03','2014-02-09 19:15:03',''),(445,476,'Noite','3','2014-02-09 19:15:03','2014-02-09 19:15:03',''),(446,477,'Manhã','1','2014-02-09 19:15:21','2014-02-09 19:15:21',''),(447,477,'Tarde','2','2014-02-09 19:15:21','2014-02-09 19:15:21',''),(448,477,'Noite','3','2014-02-09 19:15:21','2014-02-09 19:15:21',''),(449,478,'Manhã','1','2014-02-09 19:15:40','2014-02-09 19:15:40',''),(450,478,'Tarde','2','2014-02-09 19:15:40','2014-02-09 19:15:40',''),(451,478,'Noite','3','2014-02-09 19:15:40','2014-02-09 19:15:40',''),(452,479,'Manhã','1','2014-02-09 19:15:55','2014-02-09 19:15:55',''),(453,479,'Tarde','2','2014-02-09 19:15:55','2014-02-09 19:15:55',''),(454,479,'Noite','3','2014-02-09 19:15:55','2014-02-09 19:15:55',''),(455,483,'Sim -> Ir para IF04.1','1','2014-02-09 19:19:03','2014-02-09 19:19:03',''),(456,483,'Não -> Ir para RH01','2','2014-02-09 19:19:03','2014-02-09 19:19:03',''),(457,483,'Não sei - Ir para RH01','3','2014-02-09 19:19:03','2014-02-09 19:19:03',''),(458,484,'Sim','1','2014-02-09 19:19:16','2014-02-09 19:19:16',''),(459,484,'Não','2','2014-02-09 19:19:16','2014-02-09 19:19:16',''),(460,486,'Sim-> Ir para RH02.1.; RH02.2. e RH02.3.','1','2014-02-09 19:45:56','2014-02-09 19:45:56',''),(461,486,'Não-> Ir para RH03.','2','2014-02-09 19:45:56','2014-02-09 19:45:56',''),(464,491,'Sim','1','2014-02-09 19:47:00','2014-02-09 19:47:00',''),(465,491,'Não','2','2014-02-09 19:47:00','2014-02-09 19:47:00',''),(466,493,'Terceirizada','1','2014-02-09 19:49:09','2014-02-09 19:49:09',''),(467,493,'Municipal','2','2014-02-09 19:49:09','2014-02-09 19:49:09',''),(468,496,'Restos de comida','1','2014-02-09 20:05:44','2014-02-09 20:05:44',''),(469,496,'Vidros','2','2014-02-09 20:05:44','2014-02-09 20:05:44',''),(470,496,'Papéis','3','2014-02-09 20:05:44','2014-02-09 20:05:44',''),(471,496,'Pilhas e baterias','4','2014-02-09 20:05:44','2014-02-09 20:05:44',''),(472,496,'Papelão','5','2014-02-09 20:05:44','2014-02-09 20:05:44',''),(473,496,'Cartuchos de impressora/tonner','6','2014-02-09 20:05:44','2014-02-09 20:05:44',''),(474,496,'Óleo vegetal','7','2014-02-09 20:05:44','2014-02-09 20:05:44',''),(475,496,'Plásticos','8','2014-02-09 20:05:44','2014-02-09 20:05:44',''),(476,496,'Lâmpadas fluorescentes','9','2014-02-09 20:05:44','2014-02-09 20:05:44',''),(477,496,'Metais','10','2014-02-09 20:05:44','2014-02-09 20:05:44',''),(478,496,'Resíduo de serviço de saúde','11','2014-02-09 20:05:44','2014-02-09 20:05:44',''),(479,498,'Restos de comida','1','2014-02-09 20:07:08','2014-02-09 20:07:08',''),(480,498,'Vidros','2','2014-02-09 20:07:08','2014-02-09 20:07:08',''),(481,498,'Papéis','3','2014-02-09 20:07:08','2014-02-09 20:07:08',''),(482,498,'Pilhas e baterias','4','2014-02-09 20:07:08','2014-02-09 20:07:08',''),(483,498,'Metais','5','2014-02-09 20:07:08','2014-02-09 20:07:08',''),(484,498,'Papelão','6','2014-02-09 20:07:08','2014-02-09 20:07:08',''),(485,498,'Cartuchos de impressora/tonner','7','2014-02-09 20:07:08','2014-02-09 20:07:08',''),(486,498,'Plásticos','8','2014-02-09 20:07:08','2014-02-09 20:07:08',''),(487,498,'Lâmpadas fluorescentes  ','9','2014-02-09 20:07:08','2014-02-09 20:07:08',''),(488,498,'Resíduo de Serviço de Saúde','10','2014-02-09 20:07:08','2014-02-09 20:07:08',''),(489,498,'Óleo de cozinha','11','2014-02-09 20:07:08','2014-02-09 20:07:08',''),(490,500,'Sim-> Ir para PGR03.1. e PGR04','1','2014-02-09 20:07:37','2014-02-09 20:07:37',''),(491,500,'Não -> Ir para PGR04.','2','2014-02-09 20:07:37','2014-02-09 20:07:37',''),(492,501,'Balança','1','2014-02-09 20:08:05','2014-02-09 20:08:05',''),(493,501,'Números de sacos','2','2014-02-09 20:08:05','2014-02-09 20:08:05',''),(494,501,'Estimativa visual ','3','2014-02-09 20:08:05','2014-02-09 20:08:05',''),(495,502,'Cozinha','1','2014-02-09 20:08:40','2014-02-09 20:08:40',''),(496,502,'Cantina','2','2014-02-09 20:08:40','2014-02-09 20:08:40',''),(497,502,'Enfermaria','3','2014-02-09 20:08:40','2014-02-09 20:08:40',''),(498,502,'Refeitório','4','2014-02-09 20:08:40','2014-02-09 20:08:40',''),(499,503,'Coletado diretamente por serviço de limpeza','1','2014-02-09 20:09:59','2014-02-09 20:09:59',''),(500,503,'Colocado em caçamba de serviço de limpeza','2','2014-02-09 20:09:59','2014-02-09 20:09:59',''),(501,503,'Queimado (na propriedade)','3','2014-02-09 20:09:59','2014-02-09 20:09:59',''),(502,503,'Enterrado (na propriedade)','4','2014-02-09 20:09:59','2014-02-09 20:09:59',''),(503,503,'Jogado em terreno baldio ou logradouro','5','2014-02-09 20:09:59','2014-02-09 20:09:59',''),(504,503,'Jogado em rio, lago ou mar','6','2014-02-09 20:09:59','2014-02-09 20:09:59',''),(505,503,'Tem outro destino ','7','2014-02-09 20:09:59','2014-02-09 20:09:59',''),(506,503,'Separado na fonte (Coleta seletiva) ','8','2014-02-09 20:09:59','2014-02-09 20:09:59',''),(507,504,'Sim','1','2014-02-09 20:10:12','2014-02-09 20:10:12',''),(508,504,'Não','2','2014-02-09 20:10:12','2014-02-09 20:10:12',''),(509,505,'Sim-> Ir para PGR07.1.','1','2014-02-09 20:10:30','2014-02-09 20:10:30',''),(510,505,'Não-> Ir para o Bloco 6.','2','2014-02-09 20:10:30','2014-02-09 20:10:30',''),(511,506,'Mesa','1','2014-02-09 20:11:19','2014-02-09 20:11:19',''),(512,506,'Cadeira','2','2014-02-09 20:11:19','2014-02-09 20:11:19',''),(513,506,'Computador','3','2014-02-09 20:11:19','2014-02-09 20:11:19',''),(514,506,'Impressora','4','2014-02-09 20:11:19','2014-02-09 20:11:19',''),(515,506,'Ar condicionado','5','2014-02-09 20:11:19','2014-02-09 20:11:19',''),(516,506,'Armários/Estantes','6','2014-02-09 20:11:19','2014-02-09 20:11:19',''),(517,506,'Tv','7','2014-02-09 20:11:19','2014-02-09 20:11:19',''),(518,506,'DVD','8','2014-02-09 20:11:19','2014-02-09 20:11:19',''),(519,506,'Rádio','9','2014-02-09 20:11:19','2014-02-09 20:11:19',''),(520,508,'Sim','1','2014-02-09 20:57:12','2014-02-09 20:57:12',''),(521,508,'Não','2','2014-02-09 20:57:12','2014-02-09 20:57:12',''),(522,509,'Sim','1','2014-02-09 20:57:24','2014-02-09 20:57:24',''),(523,509,'Não','2','2014-02-09 20:57:24','2014-02-09 20:57:24',''),(524,510,'Sim, venda','1','2014-02-09 20:57:48','2014-02-09 20:57:48',''),(525,510,'Sim, doação','2','2014-02-09 20:57:48','2014-02-09 20:57:48',''),(526,510,'Não','3','2014-02-09 20:57:48','2014-02-09 20:57:48',''),(527,511,'Sim','1','2014-02-09 20:58:19','2014-02-09 20:58:19',''),(528,511,'Não','2','2014-02-09 20:58:19','2014-02-09 20:58:19',''),(529,511,'Não sabe','3','2014-02-09 20:58:19','2014-02-09 20:58:19',''),(530,512,'Sim','1','2014-02-09 20:58:56','2014-02-09 20:58:56',''),(531,512,'Não','2','2014-02-09 20:58:56','2014-02-09 20:58:56',''),(532,512,'Não sabe','3','2014-02-09 20:58:56','2014-02-09 20:58:56',''),(533,513,'Sim, formal','1','2014-02-09 20:59:54','2014-02-09 20:59:54',''),(534,513,'Sim, informal','2','2014-02-09 20:59:54','2014-02-09 20:59:54',''),(535,513,'Não','3','2014-02-09 20:59:54','2014-02-09 20:59:54',''),(536,514,'Sim-> Ir para SCA01.1.','1','2014-02-09 21:01:26','2014-02-09 21:01:26',''),(537,514,'Não-> Ir para SCA02.','2','2014-02-09 21:01:26','2014-02-09 21:01:26',''),(538,515,'Site','1','2014-02-09 21:02:23','2014-02-09 21:02:23',''),(539,515,'Intranet','2','2014-02-09 21:02:23','2014-02-09 21:02:23',''),(540,515,'Informativos impressos','3','2014-02-09 21:02:23','2014-02-09 21:02:23',''),(541,515,'Quadros de Avisos','4','2014-02-09 21:02:23','2014-02-09 21:02:23',''),(542,517,'Sim','1','2014-02-09 21:03:21','2014-02-09 21:03:21',''),(543,517,'Não','2','2014-02-09 21:03:21','2014-02-09 21:03:21',''),(544,518,'Sim','1','2014-02-09 21:03:42','2014-02-09 21:03:42',''),(545,518,'Não','2','2014-02-09 21:03:42','2014-02-09 21:03:42',''),(546,519,'Sim-> Ir para ENT01.1.','1','2014-02-09 21:11:14','2014-02-09 21:11:14',''),(547,519,'Não-> Ir para ENT02.','2','2014-02-09 21:11:14','2014-02-09 21:11:14',''),(548,520,'Outros prédios públicos','1','2014-02-09 21:11:39','2014-02-09 21:11:39',''),(549,520,'Prédios Comerciais','2','2014-02-09 21:11:39','2014-02-09 21:11:39',''),(550,520,'Escolas','3','2014-02-09 21:11:39','2014-02-09 21:11:39',''),(551,520,'Hospitais','4','2014-02-09 21:11:39','2014-02-09 21:11:39',''),(552,522,'Segunda','1','2014-02-09 21:12:37','2014-02-09 21:12:37',''),(553,522,'Terça','2','2014-02-09 21:12:37','2014-02-09 21:12:37',''),(554,522,'Quarta','3','2014-02-09 21:12:37','2014-02-09 21:12:37',''),(555,522,'Quinta','4','2014-02-09 21:12:37','2014-02-09 21:12:37',''),(556,522,'Sexta','5','2014-02-09 21:12:37','2014-02-09 21:12:37',''),(557,522,'Sábado','6','2014-02-09 21:12:37','2014-02-09 21:12:37',''),(558,522,'Domingo','7','2014-02-09 21:12:37','2014-02-09 21:12:37',''),(559,523,'Manhã','1','2014-02-09 21:12:58','2014-02-09 21:12:58',''),(560,523,'Tarde','2','2014-02-09 21:12:58','2014-02-09 21:12:58',''),(561,523,'Noite','3','2014-02-09 21:12:58','2014-02-09 21:12:58',''),(562,528,'Sim -> Ir para IDC04.1','1','2014-02-09 21:21:27','2014-02-09 21:21:27',''),(563,528,'Não -> Ir para IDC05.','2','2014-02-09 21:21:27','2014-02-09 21:21:27',''),(564,532,'Sim -> Ir para FOR03.1.','1','2014-02-09 21:23:38','2014-02-09 21:23:38',''),(565,532,'Não -> Ir para FOR04','2','2014-02-09 21:23:38','2014-02-09 21:23:38',''),(566,533,'Sim','1','2014-02-09 21:23:49','2014-02-09 21:23:49',''),(567,533,'Não','2','2014-02-09 21:23:49','2014-02-09 21:23:49',''),(568,534,'Sim','1','2014-02-09 21:24:00','2014-02-09 21:24:00',''),(569,534,'Não','2','2014-02-09 21:24:00','2014-02-09 21:24:00',''),(570,535,'Sim','1','2014-02-09 21:24:11','2014-02-09 21:24:11',''),(571,535,'Não','2','2014-02-09 21:24:11','2014-02-09 21:24:11',''),(572,536,'Sim','1','2014-02-09 21:28:49','2014-02-09 21:28:49',''),(573,536,'Não','2','2014-02-09 21:28:49','2014-02-09 21:28:49',''),(574,537,'Realização de atividades (ir para AI01.2)','1','2014-02-09 21:29:13','2014-02-09 21:29:13',''),(575,537,'Cessão de máquinas/equipamentos/material','2','2014-02-09 21:29:13','2014-02-09 21:29:13',''),(576,537,'Recursos financeiros','3','2014-02-09 21:29:13','2014-02-09 21:29:13',''),(577,538,'Coleta (materiais recicláveis)','1','2014-02-09 21:30:03','2014-02-09 21:30:03',''),(578,538,'Triagem','2','2014-02-09 21:30:03','2014-02-09 21:30:03',''),(579,538,'Beneficiamento','3','2014-02-09 21:30:03','2014-02-09 21:30:03',''),(580,538,'Comercialização','4','2014-02-09 21:30:03','2014-02-09 21:30:03',''),(581,538,'Reciclagem','5','2014-02-09 21:30:03','2014-02-09 21:30:03',''),(582,538,'Educação Ambiental','6','2014-02-09 21:30:03','2014-02-09 21:30:03',''),(583,538,'Gestão','7','2014-02-09 21:30:03','2014-02-09 21:30:03',''),(584,539,'Sim','1','2014-02-09 21:30:20','2014-02-09 21:30:20',''),(585,539,'Não','2','2014-02-09 21:30:20','2014-02-09 21:30:20',''),(586,540,'Realização de atividades (ir para AI02.2)','1','2014-02-09 21:37:08','2014-02-09 21:37:08',''),(587,540,'Cessão de máquinas/equipamentos/material','2','2014-02-09 21:37:08','2014-02-09 21:37:08',''),(588,540,'Recursos financeiros','3','2014-02-09 21:37:08','2014-02-09 21:37:08',''),(589,541,'Capacitação (apoio técnico)','1','2014-02-09 21:38:07','2014-02-09 21:38:07',''),(590,541,'Doação de material de divulgação','2','2014-02-09 21:38:07','2014-02-09 21:38:07',''),(591,541,'Alfabetização','3','2014-02-09 21:38:07','2014-02-09 21:38:07',''),(592,541,'Doação de materiais recicláveis','4','2014-02-09 21:38:07','2014-02-09 21:38:07',''),(593,541,'Incentivo a organização dos catadores','5','2014-02-09 21:38:07','2014-02-09 21:38:07',''),(594,543,'Renda de recursos provenientes da       venda de recicláveis','1','2014-02-09 21:42:45','2014-02-09 21:42:45',''),(595,543,'Renda de recursos provenientes da doação de terceiros (financeira)      ','2','2014-02-09 21:42:45','2014-02-09 21:42:45',''),(596,543,'Renda de recursos provenientes da relação contratual com o município ','3','2014-02-09 21:42:45','2014-02-09 21:42:45',''),(597,543,'Renda de recursos provenientes de contrato com grandes geradores ','4','2014-02-09 21:42:45','2014-02-09 21:42:45',''),(598,543,'Renda de recursos provenientes de Contrato','5','2014-02-09 21:42:45','2014-02-09 21:42:45',''),(599,543,'Renda de recursos provenientes de Termo de parceria ','6','2014-02-09 21:42:45','2014-02-09 21:42:45',''),(600,543,'Outros','7','2014-02-09 21:42:45','2014-02-09 21:42:45',''),(603,548,'Sim','1','2014-02-09 21:43:46','2014-02-09 21:43:46',''),(604,548,'Não','2','2014-02-09 21:43:46','2014-02-09 21:43:46',''),(605,549,'Sim','1','2014-02-09 21:45:58','2014-02-09 21:45:58',''),(606,549,'Não','2','2014-02-09 21:45:58','2014-02-09 21:45:58',''),(607,550,'Planilha em computador','1','2014-02-09 21:47:06','2014-02-09 21:47:06',''),(608,550,'Sistema de computador específico para cooperativas/associações de catadores','2','2014-02-09 21:47:06','2014-02-09 21:47:06',''),(609,550,'Livro Caixa','3','2014-02-09 21:47:06','2014-02-09 21:47:06',''),(610,550,'Caderno de anotações','4','2014-02-09 21:47:06','2014-02-09 21:47:06',''),(611,554,'Remuneração proporcional aos dias trabalhados	','1','2014-02-09 21:48:39','2014-02-09 21:48:39',''),(612,554,'Remuneração proporcional às horas trabalhadas','2','2014-02-09 21:48:39','2014-02-09 21:48:39',''),(613,554,'Remuneração proporcional à produção','3','2014-02-09 21:48:39','2014-02-09 21:48:39',''),(614,554,'Remuneração fixa','4','2014-02-09 21:48:39','2014-02-09 21:48:39',''),(615,555,'Semanal','1','2014-02-09 21:49:09','2014-02-09 21:49:09',''),(616,555,'Quinzenal','2','2014-02-09 21:49:09','2014-02-09 21:49:09',''),(617,555,'Mensal ','3','2014-02-09 21:49:09','2014-02-09 21:49:09',''),(618,555,'Sem periodicidade','4','2014-02-09 21:49:09','2014-02-09 21:49:09',''),(619,555,'Não informou','5','2014-02-09 21:49:09','2014-02-09 21:49:09',''),(620,556,'Sim','1','2014-02-09 21:49:22','2014-02-09 21:49:22',''),(621,556,'Não','2','2014-02-09 21:49:22','2014-02-09 21:49:22',''),(622,557,'Sim','1','2014-02-09 21:49:33','2014-02-09 21:49:33',''),(623,557,'Não','2','2014-02-09 21:49:33','2014-02-09 21:49:33',''),(624,558,'Sim','1','2014-02-09 21:49:46','2014-02-09 21:49:46',''),(625,558,'Não','2','2014-02-09 21:49:46','2014-02-09 21:49:46',''),(626,559,'Quadro demonstrativo','1','2014-02-09 21:50:17','2014-02-09 21:50:17',''),(627,559,'Comunicação individual escrita','2','2014-02-09 21:50:17','2014-02-09 21:50:17',''),(628,559,'Comunicação individual verbal','3','2014-02-09 21:50:17','2014-02-09 21:50:17',''),(629,560,'Sim','1','2014-02-09 21:50:28','2014-02-09 21:50:28',''),(630,560,'Não','2','2014-02-09 21:50:28','2014-02-09 21:50:28',''),(631,561,'Diária','1','2014-02-09 21:51:03','2014-02-09 21:51:03',''),(632,561,'Semanal','2','2014-02-09 21:51:03','2014-02-09 21:51:03',''),(633,561,'Quinzenal','3','2014-02-09 21:51:03','2014-02-09 21:51:03',''),(634,561,'Mensal','4','2014-02-09 21:51:03','2014-02-09 21:51:03',''),(635,561,'Bimestral','5','2014-02-09 21:51:03','2014-02-09 21:51:03',''),(636,561,'Semestral','6','2014-02-09 21:51:03','2014-02-09 21:51:03',''),(637,561,'Anual','7','2014-02-09 21:51:03','2014-02-09 21:51:03',''),(638,562,'Sim -> Ir para IACA01.1','1','2014-02-09 22:05:05','2014-02-09 22:05:05',''),(639,562,'Não -> Ir para IACA02.','2','2014-02-09 22:05:05','2014-02-09 22:05:05',''),(640,564,'Cedido pela Prefeitura	','1','2014-02-09 22:56:13','2014-02-09 22:56:13',''),(641,564,'Cedido por empresa privada         ','2','2014-02-09 22:56:13','2014-02-09 22:56:13',''),(642,564,'Cedido por outro órgão público','3','2014-02-09 22:56:13','2014-02-09 22:56:13',''),(643,564,'Alugado','4','2014-02-09 22:56:13','2014-02-09 22:56:13',''),(644,564,'Cedido por entidade civil               ','5','2014-02-09 22:56:13','2014-02-09 22:56:13',''),(645,564,'Propriedade da Cooperativa/Associação   ','6','2014-02-09 22:56:13','2014-02-09 22:56:13',''),(646,565,'Sim','1','2014-02-09 22:56:37','2014-02-09 22:56:37',''),(647,565,'Não','2','2014-02-09 22:56:37','2014-02-09 22:56:37',''),(648,567,'Banheiro','1','2014-02-09 22:57:25','2014-02-09 22:57:25',''),(649,567,'Copa (local para armazenamento de alimentos e refeições)','2','2014-02-09 22:57:25','2014-02-09 22:57:25',''),(650,567,'Água Potável','3','2014-02-09 22:57:25','2014-02-09 22:57:25',''),(651,567,'Equipamentos de proteção coletiva (extintor de incêndio, sensor de fumaça)','4','2014-02-09 22:57:25','2014-02-09 22:57:25',''),(652,567,'Instalações Elétricas adequadas (trifásicas)','5','2014-02-09 22:57:25','2014-02-09 22:57:25',''),(653,568,'Sim, no próprio galpão	','1','2014-02-09 22:57:48','2014-02-09 22:57:48',''),(654,568,'Sim, em outro local','2','2014-02-09 22:57:48','2014-02-09 22:57:48',''),(655,568,'Não','3','2014-02-09 22:57:48','2014-02-09 22:57:48',''),(656,653,'Lixão','1','2014-02-09 23:58:04','2014-02-09 23:58:04',''),(657,653,'Aterro sanitário controlado ','2','2014-02-09 23:58:04','2014-02-09 23:58:04',''),(658,653,'Terreno baldio','3','2014-02-09 23:58:04','2014-02-09 23:58:04',''),(659,653,'Usina de incineração','4','2014-02-09 23:58:04','2014-02-09 23:58:04',''),(660,654,'Separação em esteira','1','2014-02-09 23:58:33','2014-02-09 23:58:33',''),(661,654,'Separação no pátio','2','2014-02-09 23:58:33','2014-02-09 23:58:33',''),(662,654,'Separação em mesa/bancada','3','2014-02-09 23:58:33','2014-02-09 23:58:33',''),(663,655,'Em fardos','1','2014-02-09 23:58:57','2014-02-09 23:58:57',''),(664,655,'Em sacos','2','2014-02-09 23:58:57','2014-02-09 23:58:57',''),(665,655,'Outros     ','3','2014-02-09 23:58:57','2014-02-09 23:58:57',''),(666,689,'Sucateiro','1','2014-02-10 21:12:52','2014-02-10 21:12:52',''),(667,689,'Indústria','2','2014-02-10 21:12:52','2014-02-10 21:12:52',''),(668,689,'Outros','3','2014-02-10 21:12:52','2014-02-10 21:12:52',''),(669,691,'Semanal','1','2014-02-10 21:13:41','2014-02-10 21:13:41',''),(670,691,'Quinzenal','2','2014-02-10 21:13:41','2014-02-10 21:13:41',''),(671,691,'Mensal','3','2014-02-10 21:13:41','2014-02-10 21:13:41',''),(672,691,'Sem periodicidade definida','4','2014-02-10 21:13:41','2014-02-10 21:13:41',''),(673,692,'Sucateiro','1','2014-02-10 21:14:50','2014-02-10 21:14:50',''),(674,692,'Indústria','2','2014-02-10 21:14:50','2014-02-10 21:14:50',''),(675,692,'Outros','3','2014-02-10 21:14:50','2014-02-10 21:14:50',''),(676,694,'Semanal','1','2014-02-10 21:15:22','2014-02-10 21:15:22',''),(677,694,'Quinzenal','2','2014-02-10 21:15:22','2014-02-10 21:15:22',''),(678,694,'Mensal','3','2014-02-10 21:15:22','2014-02-10 21:15:22',''),(679,694,'Sem periodicidade definida','4','2014-02-10 21:15:22','2014-02-10 21:15:22',''),(680,695,'Sucateiro','1','2014-02-10 21:15:46','2014-02-10 21:15:46',''),(681,695,'Indústria','2','2014-02-10 21:15:46','2014-02-10 21:15:46',''),(682,695,'Outros','3','2014-02-10 21:15:46','2014-02-10 21:15:46',''),(683,697,'Semanal','1','2014-02-10 21:16:12','2014-02-10 21:16:12',''),(684,697,'Quinzenal','2','2014-02-10 21:16:12','2014-02-10 21:16:12',''),(685,697,'Mensal','3','2014-02-10 21:16:12','2014-02-10 21:16:12',''),(686,697,'Sem periodicidade definida','4','2014-02-10 21:16:12','2014-02-10 21:16:12',''),(687,698,'Sucateiro','1','2014-02-10 21:18:00','2014-02-10 21:18:00',''),(688,698,'Indústria','2','2014-02-10 21:18:00','2014-02-10 21:18:00',''),(689,698,'Outros','3','2014-02-10 21:18:00','2014-02-10 21:18:00',''),(690,700,'Semanal','1','2014-02-10 21:18:43','2014-02-10 21:18:43',''),(691,700,'Quinzenal','2','2014-02-10 21:18:43','2014-02-10 21:18:43',''),(692,700,'Mensal','3','2014-02-10 21:18:43','2014-02-10 21:18:43',''),(693,700,'Sem periodicidade definida','4','2014-02-10 21:18:43','2014-02-10 21:18:43',''),(694,701,'Sucateiro','1','2014-02-10 21:20:31','2014-02-10 21:20:31',''),(695,701,'Indústria','2','2014-02-10 21:20:31','2014-02-10 21:20:31',''),(696,701,'Outros','3','2014-02-10 21:20:31','2014-02-10 21:20:31',''),(697,703,'Semanal','1','2014-02-10 21:21:04','2014-02-10 21:21:04',''),(698,703,'Quinzenal','2','2014-02-10 21:21:04','2014-02-10 21:21:04',''),(699,703,'Mensal','3','2014-02-10 21:21:04','2014-02-10 21:21:04',''),(700,703,'Sem periodicidade definida','4','2014-02-10 21:21:04','2014-02-10 21:21:04',''),(701,704,'Sucateiro','1','2014-02-10 21:21:36','2014-02-10 21:21:36',''),(702,704,'Indústria','2','2014-02-10 21:21:36','2014-02-10 21:21:36',''),(703,704,'Outros','3','2014-02-10 21:21:36','2014-02-10 21:21:36',''),(704,706,'Semanal','1','2014-02-10 21:22:08','2014-02-10 21:22:08',''),(705,706,'Quinzenal','2','2014-02-10 21:22:08','2014-02-10 21:22:08',''),(706,706,'Mensal','3','2014-02-10 21:22:08','2014-02-10 21:22:08',''),(707,706,'Sem periodicidade definida','4','2014-02-10 21:22:08','2014-02-10 21:22:08',''),(708,707,'Sucateiro','1','2014-02-10 21:22:24','2014-02-10 21:22:24',''),(709,707,'Indústria','2','2014-02-10 21:22:24','2014-02-10 21:22:24',''),(710,707,'Outros','3','2014-02-10 21:22:24','2014-02-10 21:22:24',''),(711,709,'Semanal','1','2014-02-10 21:22:57','2014-02-10 21:22:57',''),(712,709,'Quinzenal','2','2014-02-10 21:22:57','2014-02-10 21:22:57',''),(713,709,'Mensal','3','2014-02-10 21:22:57','2014-02-10 21:22:57',''),(714,709,'Sem periodicidade definida','4','2014-02-10 21:22:57','2014-02-10 21:22:57',''),(715,710,'Sucateiro','1','2014-02-10 21:23:20','2014-02-10 21:23:20',''),(716,710,'Indústria','2','2014-02-10 21:23:20','2014-02-10 21:23:20',''),(717,710,'Outros','3','2014-02-10 21:23:20','2014-02-10 21:23:20',''),(718,712,'Semanal','1','2014-02-10 21:23:58','2014-02-10 21:23:58',''),(719,712,'Quinzenal','2','2014-02-10 21:23:58','2014-02-10 21:23:58',''),(720,712,'Mensal','3','2014-02-10 21:23:58','2014-02-10 21:23:58',''),(721,712,'Sem periodicidade definida','4','2014-02-10 21:23:58','2014-02-10 21:23:58',''),(722,732,'A cooperativa/associação faz a cotação de preço','1','2014-02-10 22:17:32','2014-02-10 22:17:32',''),(723,732,'A cooperativa/associação comercializa para um comprador fixo','2','2014-02-10 22:17:32','2014-02-10 22:17:32',''),(724,733,'Sucateiro','1','2014-02-10 22:18:41','2014-02-10 22:18:41',''),(725,733,'Indústria','2','2014-02-10 22:18:41','2014-02-10 22:18:41',''),(726,733,'Outros','3','2014-02-10 22:18:41','2014-02-10 22:18:41',''),(727,735,'Semanal','1','2014-02-10 22:19:12','2014-02-10 22:19:12',''),(728,735,'Quinzenal','2','2014-02-10 22:19:12','2014-02-10 22:19:12',''),(729,735,'Mensal','3','2014-02-10 22:19:12','2014-02-10 22:19:12',''),(730,735,'Sem periodicidade definida','4','2014-02-10 22:19:12','2014-02-10 22:19:12',''),(731,736,'Sucateiro','1','2014-02-10 22:19:30','2014-02-10 22:19:30',''),(732,736,'Indústria','2','2014-02-10 22:19:30','2014-02-10 22:19:30',''),(733,736,'Outros','3','2014-02-10 22:19:30','2014-02-10 22:19:30',''),(734,738,'Semanal','1','2014-02-10 22:20:01','2014-02-10 22:20:01',''),(735,738,'Quinzenal','2','2014-02-10 22:20:01','2014-02-10 22:20:01',''),(736,738,'Mensal','3','2014-02-10 22:20:01','2014-02-10 22:20:01',''),(737,738,'Sem periodicidade definida','4','2014-02-10 22:20:01','2014-02-10 22:20:01',''),(738,739,'Sucateiro','1','2014-02-10 22:20:15','2014-02-10 22:20:15',''),(739,739,'Indústria','2','2014-02-10 22:20:15','2014-02-10 22:20:15',''),(740,739,'Outros','3','2014-02-10 22:20:15','2014-02-10 22:20:15',''),(741,742,'Sucateiro','1','2014-02-10 22:21:08','2014-02-10 22:21:08',''),(742,742,'Indústria','2','2014-02-10 22:21:08','2014-02-10 22:21:08',''),(743,742,'Outros','3','2014-02-10 22:21:08','2014-02-10 22:21:08',''),(744,744,'Semanal','1','2014-02-10 22:21:37','2014-02-10 22:21:37',''),(745,744,'Quinzenal','2','2014-02-10 22:21:37','2014-02-10 22:21:37',''),(746,744,'Mensal','3','2014-02-10 22:21:37','2014-02-10 22:21:37',''),(747,744,'Sem periodicidade definida','4','2014-02-10 22:21:37','2014-02-10 22:21:37',''),(748,745,'Sucateiro','1','2014-02-10 22:21:52','2014-02-10 22:21:52',''),(749,745,'Indústria','2','2014-02-10 22:21:52','2014-02-10 22:21:52',''),(750,745,'Outros','3','2014-02-10 22:21:52','2014-02-10 22:21:52',''),(751,747,'Semanal','1','2014-02-10 22:22:18','2014-02-10 22:22:18',''),(752,747,'Quinzenal','2','2014-02-10 22:22:18','2014-02-10 22:22:18',''),(753,747,'Mensal','3','2014-02-10 22:22:18','2014-02-10 22:22:18',''),(754,747,'Sem periodicidade definida','4','2014-02-10 22:22:18','2014-02-10 22:22:18',''),(755,748,'Sucateiro','1','2014-02-10 22:22:33','2014-02-10 22:22:33',''),(756,748,'Indústria','2','2014-02-10 22:22:33','2014-02-10 22:22:33',''),(757,748,'Outros','3','2014-02-10 22:22:33','2014-02-10 22:22:33',''),(758,750,'Semanal','1','2014-02-10 22:23:00','2014-02-10 22:23:00',''),(759,750,'Quinzenal','2','2014-02-10 22:23:00','2014-02-10 22:23:00',''),(760,750,'Mensal','3','2014-02-10 22:23:00','2014-02-10 22:23:00',''),(761,750,'Sem periodicidade definida','4','2014-02-10 22:23:00','2014-02-10 22:23:00',''),(762,751,'Sucateiro','1','2014-02-10 22:23:34','2014-02-10 22:23:34',''),(763,751,'Indústria','2','2014-02-10 22:23:34','2014-02-10 22:23:34',''),(764,751,'Outros','3','2014-02-10 22:23:34','2014-02-10 22:23:34',''),(765,753,'Semanal','1','2014-02-10 22:24:05','2014-02-10 22:24:05',''),(766,753,'Quinzenal','2','2014-02-10 22:24:05','2014-02-10 22:24:05',''),(767,753,'Mensal','3','2014-02-10 22:24:05','2014-02-10 22:24:05',''),(768,753,'Sem periodicidade definida','4','2014-02-10 22:24:05','2014-02-10 22:24:05',''),(769,754,'Sucateiro','1','2014-02-10 22:24:19','2014-02-10 22:24:19',''),(770,754,'Indústria','2','2014-02-10 22:24:19','2014-02-10 22:24:19',''),(771,754,'Outros','3','2014-02-10 22:24:19','2014-02-10 22:24:19',''),(772,756,'Semanal','1','2014-02-10 22:24:47','2014-02-10 22:24:47',''),(773,756,'Quinzenal','2','2014-02-10 22:24:47','2014-02-10 22:24:47',''),(774,756,'Mensal','3','2014-02-10 22:24:47','2014-02-10 22:24:47',''),(775,756,'Sem periodicidade definida','4','2014-02-10 22:24:47','2014-02-10 22:24:47',''),(776,757,'Sim','1','2014-02-10 22:25:47','2014-02-10 22:25:47',''),(777,757,'Não','2','2014-02-10 22:25:47','2014-02-10 22:25:47',''),(778,758,'Porta a porta com caminhão','1','2014-02-10 22:27:01','2014-02-10 22:27:01',''),(779,758,'Porta a porta com carrinho de mão      ','2','2014-02-10 22:27:01','2014-02-10 22:27:01',''),(780,758,'Locais de Entrega Voluntária (LEVs) ','3','2014-02-10 22:27:01','2014-02-10 22:27:01',''),(781,758,'Pontos de Entrega Voluntária','4','2014-02-10 22:27:01','2014-02-10 22:27:01',''),(782,758,'Áreas de Transbordo e Triagem (ATTs)','5','2014-02-10 22:27:01','2014-02-10 22:27:01',''),(783,758,'Ponto a ponto (estabelecimentos comerciais, escolas, órgãos públicos, etc.)','6','2014-02-10 22:27:01','2014-02-10 22:27:01',''),(784,758,'Outros     ','7','2014-02-10 22:27:01','2014-02-10 22:27:01',''),(785,761,'Sim','1','2014-02-10 22:28:02','2014-02-10 22:28:02',''),(786,761,'Não','2','2014-02-10 22:28:02','2014-02-10 22:28:02',''),(787,762,'Botas','1','2014-02-10 22:28:38','2014-02-10 22:28:38',''),(788,762,'Luvas      ','2','2014-02-10 22:28:38','2014-02-10 22:28:38',''),(789,762,'Máscaras ','3','2014-02-10 22:28:38','2014-02-10 22:28:38',''),(790,762,'Capacete','4','2014-02-10 22:28:38','2014-02-10 22:28:38',''),(791,762,'Protetor auricular','5','2014-02-10 22:28:38','2014-02-10 22:28:38',''),(792,762,'Óculos','6','2014-02-10 22:28:38','2014-02-10 22:28:38',''),(793,762,'Outros     ','7','2014-02-10 22:28:38','2014-02-10 22:28:38',''),(794,767,'Sim','1','2014-02-10 22:37:35','2014-02-10 22:37:35',''),(795,767,'Não','2','2014-02-10 22:37:35','2014-02-10 22:37:35',''),(796,768,'Pela internet','1','2014-02-10 22:38:20','2014-02-10 22:38:20',''),(797,768,'Por algum integrante do próprio grupo','2','2014-02-10 22:38:20','2014-02-10 22:38:20',''),(798,768,'Pela prefeitura','3','2014-02-10 22:38:20','2014-02-10 22:38:20',''),(799,768,'Pelos jornais (meio impresso)','4','2014-02-10 22:38:20','2014-02-10 22:38:20',''),(800,768,'Pelo Movimento Nacional dos Catadores','5','2014-02-10 22:38:20','2014-02-10 22:38:20',''),(801,768,'Pela igreja','6','2014-02-10 22:38:20','2014-02-10 22:38:20',''),(802,768,'Apresentação do Programa PCSS/INEA','7','2014-02-10 22:38:20','2014-02-10 22:38:20',''),(803,769,'Sim','1','2014-02-10 22:39:00','2014-02-10 22:39:00',''),(804,769,'Não','2','2014-02-10 22:39:00','2014-02-10 22:39:00',''),(805,770,'Pela internet','1','2014-02-10 22:39:34','2014-02-10 22:39:34',''),(806,770,'Por algum integrante do próprio grupo','2','2014-02-10 22:39:34','2014-02-10 22:39:34',''),(807,770,'Pela prefeitura','3','2014-02-10 22:39:34','2014-02-10 22:39:34',''),(808,770,'Pelos jornais (meio impresso)','4','2014-02-10 22:39:34','2014-02-10 22:39:34',''),(809,770,'Pelo Movimento Nacional dos Catadores','5','2014-02-10 22:39:34','2014-02-10 22:39:34',''),(810,770,'Pela igreja','6','2014-02-10 22:39:34','2014-02-10 22:39:34',''),(811,770,'Outros','7','2014-02-10 22:39:34','2014-02-10 22:39:34',''),(812,771,'Sim','1','2014-02-10 22:39:47','2014-02-10 22:39:47',''),(813,771,'Não','2','2014-02-10 22:39:47','2014-02-10 22:39:47',''),(814,772,'Pela internet','1','2014-02-10 22:40:22','2014-02-10 22:40:22',''),(815,772,'Por algum integrante do próprio grupo','2','2014-02-10 22:40:22','2014-02-10 22:40:22',''),(816,772,'Pela prefeitura','3','2014-02-10 22:40:22','2014-02-10 22:40:22',''),(817,772,'Pelos jornais (meio impresso)','4','2014-02-10 22:40:22','2014-02-10 22:40:22',''),(818,772,'Pela igreja','5','2014-02-10 22:40:22','2014-02-10 22:40:22',''),(819,772,'Outros','6','2014-02-10 22:40:22','2014-02-10 22:40:22',''),(820,773,'Sim','1','2014-02-10 22:40:57','2014-02-10 22:40:57',''),(821,773,'Não','2','2014-02-10 22:40:57','2014-02-10 22:40:57',''),(822,774,'Pela internet','1','2014-02-10 22:42:19','2014-02-10 22:42:19',''),(823,774,'Por algum integrante do próprio grupo','2','2014-02-10 22:42:19','2014-02-10 22:42:19',''),(824,774,'Pela prefeitura','3','2014-02-10 22:42:19','2014-02-10 22:42:19',''),(825,774,'Pelos jornais (meio impresso)','4','2014-02-10 22:42:19','2014-02-10 22:42:19',''),(826,774,'Pelo Movimento Nacional dos Catadores','5','2014-02-10 22:42:19','2014-02-10 22:42:19',''),(827,774,'Pela igreja','6','2014-02-10 22:42:19','2014-02-10 22:42:19',''),(828,774,'Outros','7','2014-02-10 22:42:19','2014-02-10 22:42:19',''),(829,775,'Muito sujo','1','2014-02-10 22:46:44','2014-02-10 22:46:44',''),(830,775,'Sujo','2','2014-02-10 22:46:44','2014-02-10 22:46:44',''),(831,775,'Regular','3','2014-02-10 22:46:44','2014-02-10 22:46:44',''),(832,775,'Limpo','4','2014-02-10 22:46:44','2014-02-10 22:46:44',''),(833,775,'Muito Limpo','5','2014-02-10 22:46:44','2014-02-10 22:46:44',''),(834,776,'Muito sujo','1','2014-02-10 22:47:18','2014-02-10 22:47:18',''),(835,776,'Sujo','2','2014-02-10 22:47:18','2014-02-10 22:47:18',''),(836,776,'Regular','3','2014-02-10 22:47:18','2014-02-10 22:47:18',''),(837,776,'Limpo','4','2014-02-10 22:47:18','2014-02-10 22:47:18',''),(838,776,'Muito Limpo','5','2014-02-10 22:47:18','2014-02-10 22:47:18',''),(839,777,'Muito sujo','1','2014-02-10 23:41:32','2014-02-10 23:41:32',''),(840,777,'Sujo','2','2014-02-10 23:41:32','2014-02-10 23:41:32',''),(841,777,'Regular','3','2014-02-10 23:41:32','2014-02-10 23:41:32',''),(842,777,'Limpo','4','2014-02-10 23:41:32','2014-02-10 23:41:32',''),(843,777,'Muito Limpo','5','2014-02-10 23:41:32','2014-02-10 23:41:32',''),(844,778,'Muito sujo','1','2014-02-10 23:42:19','2014-02-10 23:42:19',''),(845,778,'Sujo','2','2014-02-10 23:42:19','2014-02-10 23:42:19',''),(846,778,'Regular','3','2014-02-10 23:42:19','2014-02-10 23:42:19',''),(847,778,'Limpo','4','2014-02-10 23:42:19','2014-02-10 23:42:19',''),(848,778,'Muito Limpo','5','2014-02-10 23:42:19','2014-02-10 23:42:19',''),(849,779,'Antigo, já com deteriorações/problemas','1','2014-02-10 23:42:40','2014-02-10 23:42:40',''),(850,779,'Usado, mas ainda em condições de uso','2','2014-02-10 23:42:40','2014-02-10 23:42:40',''),(851,779,'Novo','3','2014-02-10 23:42:40','2014-02-10 23:42:40',''),(852,780,'Antigos, já com deteriorações/problemas','1','2014-02-10 23:43:24','2014-02-10 23:43:24',''),(853,780,'Usados, mas ainda em condições de uso','2','2014-02-10 23:43:24','2014-02-10 23:43:24',''),(854,780,'Novos','3','2014-02-10 23:43:24','2014-02-10 23:43:24',''),(855,781,'Antigos, já com deteriorações/problemas','1','2014-02-10 23:43:51','2014-02-10 23:43:51',''),(856,781,'Usados, mas ainda em condições de uso','2','2014-02-10 23:43:51','2014-02-10 23:43:51',''),(857,781,'Novos','3','2014-02-10 23:43:51','2014-02-10 23:43:51',''),(858,782,'Péssimo','1','2014-02-10 23:44:41','2014-02-10 23:44:41',''),(859,782,'Ruim','2','2014-02-10 23:44:41','2014-02-10 23:44:41',''),(860,782,'Regular','3','2014-02-10 23:44:41','2014-02-10 23:44:41',''),(861,782,'Bom','4','2014-02-10 23:44:41','2014-02-10 23:44:41',''),(862,782,'Ótimo','5','2014-02-10 23:44:41','2014-02-10 23:44:41','');
/*!40000 ALTER TABLE `answer_collections` ENABLE KEYS */;
UNLOCK TABLES;

--
-- Table structure for table `answer_types`
--

DROP TABLE IF EXISTS `answer_types`;
/*!40101 SET @saved_cs_client     = @@character_set_client */;
/*!40101 SET character_set_client = utf8 */;
CREATE TABLE `answer_types` (
  `id` int(11) NOT NULL AUTO_INCREMENT,
  `name` varchar(255) DEFAULT NULL,
  `created_at` datetime DEFAULT NULL,
  `updated_at` datetime DEFAULT NULL,
  PRIMARY KEY (`id`)
) ENGINE=InnoDB AUTO_INCREMENT=5 DEFAULT CHARSET=utf8;
/*!40101 SET character_set_client = @saved_cs_client */;

--
-- Dumping data for table `answer_types`
--

LOCK TABLES `answer_types` WRITE;
/*!40000 ALTER TABLE `answer_types` DISABLE KEYS */;
INSERT INTO `answer_types` VALUES (1,'Input Text','2013-11-20 18:32:08','2013-11-20 18:32:08'),(2,'CheckBoxes','2013-11-20 18:32:08','2013-11-20 18:32:08'),(3,'Radios','2013-11-20 18:32:08','2013-11-20 18:32:08'),(4,'Select','2013-11-20 18:32:08','2013-11-20 18:32:08');
/*!40000 ALTER TABLE `answer_types` ENABLE KEYS */;
UNLOCK TABLES;

--
-- Table structure for table `answers`
--

DROP TABLE IF EXISTS `answers`;
/*!40101 SET @saved_cs_client     = @@character_set_client */;
/*!40101 SET character_set_client = utf8 */;
CREATE TABLE `answers` (
  `id` int(11) NOT NULL AUTO_INCREMENT,
  `answer_type_id` int(11) DEFAULT NULL,
  `question_id` int(11) DEFAULT NULL,
  `placeholder` varchar(255) DEFAULT NULL,
  `label_text` varchar(255) DEFAULT NULL,
  `help_block` varchar(255) DEFAULT NULL,
  `css_class` varchar(255) DEFAULT NULL,
  `query_string` varchar(255) DEFAULT NULL,
  `element_ajax` varchar(255) DEFAULT NULL,
  `ajax_url` varchar(255) DEFAULT NULL,
  `required` tinyint(1) DEFAULT '0',
  `min_length` int(11) DEFAULT '1',
  `max_length` int(11) DEFAULT '25',
  `disabled` tinyint(1) DEFAULT NULL,
  `created_at` datetime DEFAULT NULL,
  `updated_at` datetime DEFAULT NULL,
  `number_only` tinyint(1) DEFAULT NULL,
  `currency_only` tinyint(1) DEFAULT NULL,
  PRIMARY KEY (`id`),
  KEY `index_answers_on_answer_type_id` (`answer_type_id`),
  KEY `index_answers_on_question_id` (`question_id`)
) ENGINE=InnoDB AUTO_INCREMENT=783 DEFAULT CHARSET=utf8;
/*!40101 SET character_set_client = @saved_cs_client */;

--
-- Dumping data for table `answers`
--

LOCK TABLES `answers` WRITE;
/*!40000 ALTER TABLE `answers` DISABLE KEYS */;
INSERT INTO `answers` VALUES (2,1,2,'','','','col-sm-12','','','',1,1,25,0,'2013-11-20 18:48:53','2013-11-20 18:48:53',NULL,NULL),(3,1,3,'','','','col-sm-12','','county.code','',1,1,25,1,'2013-11-20 19:06:13','2013-11-20 19:06:13',NULL,NULL),(4,1,4,'','','','col-sm-12','county_code','','/counties.json?code={value}',1,1,25,1,'2013-11-20 19:06:34','2013-11-20 19:06:34',NULL,NULL),(5,1,5,'','','','col-sm-12','','county.cnpj','',1,1,25,1,'2013-11-20 19:14:15','2013-11-21 18:15:53',NULL,NULL),(7,1,7,'','','','col-sm-12','','county.logradouro_prefeitura','',1,1,25,1,'2013-11-20 19:14:50','2013-11-20 19:14:50',NULL,NULL),(8,1,8,'','','','col-sm-12','','county.numero_prefeitura','',1,1,25,1,'2013-11-20 19:14:58','2013-11-20 19:14:58',NULL,NULL),(9,1,9,'','','','col-sm-12','','county.complemento_prefeitura','',1,1,25,1,'2013-11-20 19:15:04','2013-11-20 19:15:04',NULL,NULL),(10,1,10,'','','','col-sm-12','','county.bairro_prefeitura','',1,1,25,1,'2013-11-20 19:15:11','2013-11-20 19:15:11',NULL,NULL),(11,1,12,'','','','col-sm-12','','county.populacao_total_municipio','',1,1,25,1,'2013-11-20 19:31:57','2013-11-20 19:31:57',NULL,NULL),(12,1,13,'','','','col-sm-12','','county.populacao_urbana','',1,1,25,1,'2013-11-20 19:32:04','2013-11-20 19:32:04',NULL,NULL),(13,1,14,'','','','col-sm-12','','county.extensao_territorial','',1,1,25,1,'2013-11-20 19:34:15','2013-11-20 19:34:15',NULL,NULL),(14,1,16,'','','','col-sm-12','','county.indice_destinacao','',1,1,25,1,'2013-11-20 19:34:20','2013-11-20 19:34:20',NULL,NULL),(15,1,17,'','','','col-sm-12','','county.n_bairros','',1,1,25,1,'2013-11-20 19:34:25','2013-11-20 19:34:25',NULL,NULL),(16,1,19,'','','','col-sm-12','','','',1,1,25,0,'2013-11-20 19:34:59','2013-11-20 19:34:59',NULL,NULL),(17,1,20,'','','','col-sm-12','','','',1,1,25,0,'2013-11-20 19:35:03','2013-11-20 19:35:03',NULL,NULL),(18,1,21,'','','','col-sm-12','','','',1,1,25,0,'2013-11-20 19:35:07','2013-11-20 19:35:07',NULL,NULL),(19,1,22,'','','','col-sm-12','','','',1,1,25,0,'2013-11-20 19:35:13','2013-11-20 19:35:13',NULL,NULL),(20,1,23,'','','','col-sm-12','','','',1,1,25,0,'2013-11-20 19:35:17','2013-11-20 19:35:17',NULL,NULL),(21,3,24,'','','','col-sm-12','','','',0,1,25,0,'2013-11-20 19:45:57','2013-11-20 19:45:57',NULL,NULL),(22,1,25,'','','','col-sm-12','','','',1,1,25,0,'2013-11-20 19:46:23','2013-11-20 19:46:23',NULL,NULL),(23,3,26,'','','','col-sm-12','','','',0,1,25,0,'2013-11-20 19:46:58','2013-11-20 19:46:58',NULL,NULL),(24,1,27,'','','','col-sm-12','','','',1,1,25,0,'2013-11-20 19:47:20','2013-11-20 19:47:20',NULL,NULL),(25,3,28,'','','','col-sm-12','','','',0,1,25,0,'2013-11-20 19:47:54','2013-11-20 19:47:54',NULL,NULL),(26,1,29,'','','','col-sm-12','','','',1,1,25,0,'2013-11-20 19:48:05','2013-11-20 19:48:05',NULL,NULL),(27,3,30,'','','','col-sm-12','','','',0,1,25,0,'2013-11-20 19:48:33','2013-11-20 19:48:33',NULL,NULL),(28,1,31,'','','','col-sm-12','','','',1,1,25,0,'2013-11-20 19:48:41','2013-11-20 19:48:41',NULL,NULL),(29,3,32,'','','','col-sm-12','','','',0,1,25,0,'2013-11-20 19:49:11','2013-11-20 19:49:11',NULL,NULL),(30,3,33,'','','','col-sm-12','','','',0,1,25,0,'2013-11-20 19:51:29','2013-11-20 19:51:29',NULL,NULL),(31,1,34,'','','','col-sm-12','','','',1,1,25,0,'2013-11-20 19:51:45','2013-11-20 19:51:45',NULL,NULL),(32,3,35,'','','','col-sm-12','','','',0,1,25,0,'2013-11-20 19:52:20','2013-11-20 19:52:20',NULL,NULL),(33,1,36,'','','','col-sm-12','','','',1,1,25,0,'2013-11-20 19:52:31','2013-11-20 19:52:31',NULL,NULL),(34,3,37,'','','','col-sm-12','','','',0,1,25,0,'2013-11-20 19:53:08','2013-11-20 19:53:08',NULL,NULL),(35,1,38,'','','','col-sm-12','','','',1,1,25,0,'2013-11-20 19:53:20','2013-11-20 19:53:20',NULL,NULL),(36,1,39,'','','','col-sm-12','','','',1,1,25,0,'2013-11-21 17:05:27','2013-11-21 17:05:27',NULL,NULL),(37,1,40,'','','','col-sm-12','','','',1,1,25,0,'2013-11-21 17:05:32','2013-11-21 17:05:32',NULL,NULL),(38,1,41,'','','','col-sm-12','','','',1,1,25,0,'2013-11-21 17:05:36','2013-11-21 17:05:36',NULL,NULL),(39,3,42,'','','','col-sm-12','','','',0,1,25,0,'2013-11-21 17:06:07','2013-11-21 17:06:07',NULL,NULL),(40,1,43,'','Coleta Domiciliar','','col-sm-6','','','',1,1,25,0,'2013-11-21 17:06:44','2013-11-21 17:07:45',NULL,NULL),(41,1,43,'','Varrição e Capina','','col-sm-6','','','',1,1,25,0,'2013-11-21 17:07:02','2013-11-21 17:07:50',NULL,NULL),(42,1,43,'','Poda de Árvores','','col-sm-6 marginTop','','','',1,1,25,0,'2013-11-21 17:07:11','2013-11-21 17:08:18',NULL,NULL),(43,1,43,'','Administrativo/Gestão','','col-sm-6 marginTop','','','',1,1,25,0,'2013-11-21 17:07:19','2013-11-21 17:08:24',NULL,NULL),(44,1,43,'','Outros','','col-sm-6 marginTop','','','',1,1,25,0,'2013-11-21 17:07:29','2013-11-21 17:08:30',NULL,NULL),(45,3,45,'','','','col-sm-12','','','',0,1,25,0,'2013-11-21 17:16:08','2013-11-21 17:16:08',NULL,NULL),(46,2,46,'','','','col-sm-12','','','',0,1,25,0,'2013-11-21 17:17:11','2013-11-21 17:17:11',NULL,NULL),(47,3,47,'','','','col-sm-12','','','',0,1,25,0,'2013-11-21 17:18:41','2013-11-21 17:18:41',NULL,NULL),(48,2,48,'','','','col-sm-12','','','',0,1,25,0,'2013-11-21 17:19:22','2013-11-21 17:19:22',NULL,NULL),(49,3,49,'','','','col-sm-12','','','',0,1,25,0,'2013-11-21 17:20:21','2013-11-21 17:20:21',NULL,NULL),(50,1,50,'','','','col-sm-12','','','',0,1,25,0,'2013-11-21 17:20:34','2013-11-21 17:20:34',NULL,NULL),(52,1,51,'','','','col-sm-12','','','',0,1,25,0,'2013-11-21 17:20:57','2013-11-21 17:20:57',NULL,NULL),(53,3,52,'','','','col-sm-12','','','',0,1,25,0,'2013-11-21 17:21:35','2013-11-21 17:21:35',NULL,NULL),(54,2,53,'','','','col-sm-12','','','',0,1,25,0,'2013-11-21 17:25:35','2013-11-21 17:25:35',NULL,NULL),(55,1,53,'Especifique','','','col-sm-12 marginTop','','','',0,1,25,0,'2013-11-21 17:25:49','2013-11-21 17:34:58',NULL,NULL),(56,3,54,'','','','col-sm-12','','','',0,1,25,0,'2013-11-21 17:36:30','2013-11-21 17:36:30',NULL,NULL),(57,1,55,'','','','col-sm-12','','','',0,1,25,0,'2013-11-21 17:36:38','2013-11-21 17:36:38',NULL,NULL),(58,3,56,'','','','col-sm-12','','','',0,1,25,0,'2013-11-21 17:37:26','2013-11-21 17:37:26',NULL,NULL),(59,3,57,'','','','col-sm-12','','','',0,1,25,0,'2013-11-21 17:38:31','2013-11-21 17:38:31',NULL,NULL),(60,1,58,'','','','col-sm-12','','','',0,1,25,0,'2013-11-21 17:39:11','2013-11-21 17:39:11',NULL,NULL),(61,1,59,'','','','col-sm-12','','','',0,1,25,0,'2013-11-21 17:39:24','2013-11-21 17:39:24',NULL,NULL),(62,1,60,'','','','col-sm-12','','','',0,1,25,0,'2013-11-21 17:39:50','2013-11-21 17:39:50',NULL,NULL),(63,1,61,'','','','col-sm-12','','','',0,1,25,0,'2013-11-21 17:39:53','2013-11-21 17:39:53',NULL,NULL),(64,1,62,'','','','col-sm-12','','','',0,1,25,0,'2013-11-21 17:39:57','2013-11-21 17:39:57',NULL,NULL),(65,1,63,'','','','col-sm-12','','','',0,1,25,0,'2013-11-21 17:40:00','2013-11-21 17:40:00',NULL,NULL),(66,1,64,'','','','col-sm-12','','','',0,1,25,0,'2013-11-21 17:40:04','2013-11-21 17:40:04',NULL,NULL),(67,2,65,'','','','col-sm-12','','','',0,1,25,0,'2013-11-21 17:41:30','2013-11-21 17:41:30',NULL,NULL),(68,1,66,'','','','col-sm-12','','','',0,1,25,0,'2013-11-21 17:41:53','2013-11-21 17:41:53',NULL,NULL),(69,1,67,'t/dia','1. Vazadouro a céu aberto (lixão)','','col-sm-6','','','',0,1,25,0,'2013-11-21 17:44:13','2013-11-21 17:45:40',NULL,NULL),(70,1,67,'t/dia','2. Vazadouro em áreas alagadas ou alagáveis','','col-sm-6','','','',0,1,25,0,'2013-11-21 17:44:23','2013-11-21 17:45:37',NULL,NULL),(71,1,67,'t/dia','3. Aterro controlado','','col-sm-6 marginTop','','','',0,1,25,0,'2013-11-21 17:44:31','2013-11-21 17:45:33',NULL,NULL),(72,1,67,'t/dia','4. Aterro sanitário','','col-sm-6 marginTop','','','',0,1,25,0,'2013-11-21 17:44:40','2013-11-21 17:45:28',NULL,NULL),(73,1,67,'t/dia','5. Unidade de compostagem de resíduos orgânicos','','col-sm-6 marginTop','','','',0,1,25,0,'2013-11-21 17:44:48','2013-11-21 17:45:25',NULL,NULL),(74,1,67,'t/dia','6. Unidade de triagem de resíduos recicláveis','','col-sm-6 marginTop','','','',0,1,25,0,'2013-11-21 17:44:59','2013-11-21 17:45:21',NULL,NULL),(75,1,67,'t/dia','7. Unidade de tratamento por incineração','','col-sm-6 marginTop','','','',0,1,25,0,'2013-11-21 17:45:15','2013-11-21 17:45:15',NULL,NULL),(77,3,72,'','','','col-sm-12','','','',0,1,25,0,'2013-11-22 11:21:38','2013-11-22 11:21:38',NULL,NULL),(78,1,74,'','','','col-sm-12','','','',0,1,25,0,'2013-11-22 11:21:52','2013-11-22 11:21:52',NULL,NULL),(79,1,75,'','','','col-sm-12','','','',0,1,25,0,'2013-11-22 11:22:01','2013-11-22 11:22:01',NULL,NULL),(80,1,76,'','','','col-sm-12','','','',0,1,25,0,'2013-11-22 11:22:05','2013-11-22 11:22:05',NULL,NULL),(81,3,77,'','','','col-sm-12','','','',0,1,25,0,'2013-11-22 11:23:57','2013-11-22 11:23:57',NULL,NULL),(82,1,78,'','','','col-sm-12','','','',0,1,25,0,'2013-11-22 11:24:17','2013-11-22 11:24:17',NULL,NULL),(83,2,79,'','','','col-sm-12','','','',0,1,25,0,'2013-11-22 11:25:13','2013-11-22 11:25:13',NULL,NULL),(84,1,79,'','7.1. Especifique','','col-sm-12 marginTop','','','',0,1,25,0,'2013-11-22 11:25:33','2013-11-22 11:25:33',NULL,NULL),(85,1,80,'','','','col-sm-12','','','',0,1,25,0,'2013-11-22 11:27:19','2013-11-22 11:27:19',NULL,NULL),(86,1,81,'','','','col-sm-12','','','',0,1,25,0,'2013-11-22 11:27:22','2013-11-22 11:27:22',NULL,NULL),(87,3,82,'','','','col-sm-12','','','',0,1,25,0,'2013-11-22 11:28:11','2013-11-22 11:28:11',NULL,NULL),(88,3,83,'','','','col-sm-12','','','',0,1,25,0,'2013-11-22 11:28:42','2013-11-22 11:28:42',NULL,NULL),(89,1,84,'','','','col-sm-12','','','',0,1,25,0,'2013-11-22 11:29:08','2013-11-22 11:29:08',NULL,NULL),(90,3,85,'','','','col-sm-12','','','',0,1,25,0,'2013-11-22 11:29:36','2013-11-22 11:29:36',NULL,NULL),(91,2,86,'','','','col-sm-12','','','',0,1,25,0,'2013-11-22 11:30:24','2013-11-22 11:30:24',NULL,NULL),(92,1,86,'','','','col-sm-12 marginTop','','','',0,1,25,0,'2013-11-22 11:30:38','2013-11-22 11:30:38',NULL,NULL),(93,3,87,'','','','col-sm-12','','','',0,1,25,0,'2013-11-22 11:31:13','2013-11-22 11:31:13',NULL,NULL),(94,1,89,'','','','col-sm-12','','','',0,1,25,0,'2013-11-22 11:31:31','2013-11-22 11:31:31',NULL,NULL),(95,3,88,'','','','col-sm-12','','','',0,1,25,0,'2013-11-22 11:31:51','2013-11-22 11:31:51',NULL,NULL),(96,3,90,'','','','col-sm-12','','','',0,1,25,0,'2013-11-22 11:34:30','2013-11-22 11:34:30',NULL,NULL),(97,2,91,'','','','col-sm-12','','','',0,1,25,0,'2013-11-22 11:35:40','2013-11-22 11:35:40',NULL,NULL),(98,1,91,'','Especifique','','col-sm-12 marginTop','','','',0,1,25,0,'2013-11-22 11:35:55','2013-11-22 11:35:55',NULL,NULL),(99,3,92,'','','','col-sm-12','','','',0,1,25,0,'2013-11-22 11:36:36','2013-11-22 11:36:36',NULL,NULL),(100,1,93,'','','','col-sm-12','','','',0,1,25,0,'2013-11-22 11:36:49','2013-11-22 11:36:49',NULL,NULL),(101,3,94,'','','','col-sm-12','','','',0,1,25,0,'2013-11-22 11:39:03','2013-11-22 11:39:03',NULL,NULL),(102,1,95,'','','','col-sm-12','','','',0,1,25,0,'2013-11-22 11:39:21','2013-11-22 11:39:21',NULL,NULL),(103,1,96,'','1. Área média dos terrenos','','col-sm-4','','','',0,1,25,0,'2013-11-22 11:39:36','2013-11-22 11:40:18',NULL,NULL),(104,1,96,'','2. Área média dos galpões:','','col-sm-4','','','',0,1,25,0,'2013-11-22 11:39:45','2013-11-22 11:40:23',NULL,NULL),(105,1,96,'','3. Área média de apoio:','','col-sm-4','','','',0,1,25,0,'2013-11-22 11:39:53','2013-11-22 11:40:29',NULL,NULL),(106,1,97,'','1. Corresponde à estrutura de uma usina Pró-Lixo:','','col-sm-6','','','',0,1,25,0,'2013-11-22 11:41:21','2013-11-22 11:45:21',NULL,NULL),(107,1,97,'','2. Possuem cobertura:','','col-sm-3','','','',0,1,25,0,'2013-11-22 11:41:28','2013-11-22 11:45:11',NULL,NULL),(108,1,97,'','3. Possuem fechamento lateral:','','col-sm-3','','','',0,1,25,0,'2013-11-22 11:41:37','2013-11-22 11:45:16',NULL,NULL),(109,1,97,'','4. Possuem instalações elétricas e hidráulicas em funcionamento:','','col-sm-6 marginTop','','','',0,1,25,0,'2013-11-22 11:41:44','2013-11-22 11:46:59',NULL,NULL),(110,1,97,'','5. Contêm banheiros:','','col-sm-6 marginTop','','','',0,1,25,0,'2013-11-22 11:41:50','2013-11-22 11:47:04',NULL,NULL),(111,1,97,'','6. Contêm cozinha/copa:','','col-sm-6 marginTop','','','',0,1,25,0,'2013-11-22 11:41:57','2013-11-22 11:46:48',NULL,NULL),(112,1,97,'','7. Contêm escritório:','','col-sm-6 marginTop','','','',0,1,25,0,'2013-11-22 11:42:05','2013-11-22 11:46:54',NULL,NULL),(113,2,98,'','','','col-sm-12','','','',0,1,25,0,'2013-11-22 11:47:54','2013-11-22 11:47:54',NULL,NULL),(114,1,98,'','Especifique:','','col-sm-12 marginTop','','','',0,1,25,0,'2013-11-22 11:48:05','2013-11-22 11:48:05',NULL,NULL),(115,1,99,'Quantidade','1. Esteira','','col-sm-3','','','',0,1,25,0,'2013-11-22 11:48:22','2013-11-22 11:48:22',NULL,NULL),(116,1,99,'Quantidade','2. Prensa','','col-md-3','','','',0,1,25,0,'2013-11-22 11:48:34','2013-11-22 11:48:34',NULL,NULL),(117,1,99,'Quantidade','3. Balança manual (ou mecânica)','','col-md-3','','','',0,1,25,0,'2013-11-22 11:48:44','2013-11-22 11:48:44',NULL,NULL),(118,1,99,'Quantidade','4. Balança eletromecânica','','col-md-3','','','',0,1,25,0,'2013-11-22 11:48:54','2013-11-22 11:48:54',NULL,NULL),(119,1,99,'Quantidade','5. Balança eletrônica','','col-md-3 marginTop','','','',0,1,25,0,'2013-11-22 11:49:05','2013-11-22 11:49:05',NULL,NULL),(120,1,99,'Quantidade','6. Balança rodoviária','','col-md-3 marginTop','','','',0,1,25,0,'2013-11-22 11:49:13','2013-11-22 11:49:13',NULL,NULL),(121,1,99,'Quantidade','7. Mesa de seleção','','col-md-3 marginTop','','','',0,1,25,0,'2013-11-22 11:49:21','2013-11-22 11:49:21',NULL,NULL),(122,1,99,'Quantidade','8. Elevador de fardo elétrico','','col-md-3 marginTop','','','',0,1,25,0,'2013-11-22 11:49:29','2013-11-22 11:49:29',NULL,NULL),(123,1,99,'Quantidade','9. Elevador de carga','','col-md-3 marginTop','','','',0,1,25,0,'2013-11-22 11:49:37','2013-11-22 11:49:37',NULL,NULL),(124,1,99,'Quantidade','10.Empilhadeira Mecânica','','col-md-3 marginTop','','','',0,1,25,0,'2013-11-22 11:49:44','2013-11-22 11:49:44',NULL,NULL),(125,1,99,'Quantidade','11.Picotadora de papel','','col-md-3 marginTop','','','',0,1,25,0,'2013-11-22 11:49:52','2013-11-22 11:49:52',NULL,NULL),(126,1,99,'Quantidade','12.Caminhão compactador','','col-md-3 marginTop','','','',0,1,25,0,'2013-11-22 11:49:59','2013-11-22 11:49:59',NULL,NULL),(127,1,99,'Quantidade','13.Caminhão baú','','col-md-3 marginTop','','','',0,1,25,0,'2013-11-22 11:50:07','2013-11-22 11:50:07',NULL,NULL),(128,1,99,'Quantidade','14.Caminhão com caçamba com grade','','col-md-3 marginTop','','','',0,1,25,0,'2013-11-22 11:50:15','2013-11-22 11:50:15',NULL,NULL),(129,1,99,'Quantidade','15.Caminhão com caçamba sem grade','','col-md-3 marginTop','','','',0,1,25,0,'2013-11-22 11:50:23','2013-11-22 11:50:23',NULL,NULL),(130,1,99,'Quantidade','16.Retroescavadeira','','col-md-3 marginTop','','','',0,1,25,0,'2013-11-22 11:50:30','2013-11-22 11:50:30',NULL,NULL),(131,1,99,'Quantidade','17.Trator com carroceria','','col-md-3 marginTop','','','',0,1,25,0,'2013-11-22 11:50:38','2013-11-22 11:50:38',NULL,NULL),(132,1,99,'Quantidade','18.Paleteira','','col-md-3 marginTop','','','',0,1,25,0,'2013-11-22 11:50:45','2013-11-22 11:50:45',NULL,NULL),(133,1,99,'Quantidade','19.Carrinho de mão','','col-md-3 marginTop','','','',0,1,25,0,'2013-11-22 11:50:52','2013-11-22 11:50:52',NULL,NULL),(134,1,99,'Quantidade','20.Carrinho para fardo','','col-md-3 marginTop','','','',0,1,25,0,'2013-11-22 11:51:10','2013-11-22 11:51:10',NULL,NULL),(135,1,99,'Quantidade','21.Computadores','','col-md-3 marginTop','','','',0,1,25,0,'2013-11-22 11:51:15','2013-11-22 11:51:15',NULL,NULL),(136,1,100,'R$','1. Total','','col-sm-12','','','',0,1,25,0,'2013-11-22 11:57:31','2013-11-22 11:57:31',NULL,NULL),(137,1,100,'R$','2. Investido em Gestão de Resíduos Sólidos:','','col-sm-8 marginTop','','','',0,1,25,0,'2013-11-22 11:57:57','2013-11-22 11:57:57',NULL,NULL),(138,1,100,'','IA01.1. Recursos Próprios (%)','','col-sm-4 marginTop','','','',0,1,25,0,'2013-11-22 11:58:33','2013-11-22 11:58:33',NULL,NULL),(139,1,100,'R$','3. Investido em Limpeza Urbana:','','col-sm-8 marginTop','','','',0,1,25,0,'2013-11-22 11:59:22','2013-11-22 11:59:22',NULL,NULL),(140,1,100,'','IA01.1. Recursos Próprios (%)','','col-sm-4 marginTop','','','',0,1,25,0,'2013-11-22 11:59:36','2013-11-22 11:59:36',NULL,NULL),(141,1,100,'R$','4. Investido em Coleta Seletiva:','','col-sm-8 marginTop','','','',0,1,25,0,'2013-11-22 12:00:08','2013-11-22 12:00:08',NULL,NULL),(142,1,100,'','IA01.1. Recursos Próprios (%)','','col-sm-4 marginTop','','','',0,1,25,0,'2013-11-22 12:00:25','2013-11-22 12:00:25',NULL,NULL),(143,1,101,'R$/mês','1. Valor médio mensal gasto com a coleta de RSU:','','col-sm-12 marginTop','','','',0,1,25,0,'2013-11-22 12:01:02','2013-11-22 12:01:02',NULL,NULL),(144,1,101,'R$/mês','2. Valor médio mensal gasto com varrição e capina:','','col-sm-12 marginTop','','','',0,1,25,0,'2013-11-22 12:01:12','2013-11-22 12:01:12',NULL,NULL),(145,1,101,'R$/mês','3. Valor médio mensal gasto com disposição final de RSU:','','col-sm-12 marginTop','','','',0,1,25,0,'2013-11-22 12:01:30','2013-11-22 12:01:30',NULL,NULL),(146,3,102,'','','','col-sm-12','','','',0,1,25,0,'2013-11-22 12:05:03','2013-11-22 12:05:03',NULL,NULL),(147,2,103,'','','','col-sm-12','','','',0,1,25,0,'2013-11-22 12:05:51','2013-11-22 12:05:51',NULL,NULL),(148,1,104,'Quantidade Total','1. Escolas municipais','','col-sm-6','','','',0,1,25,0,'2013-11-22 12:07:10','2013-11-22 12:07:10',NULL,NULL),(149,1,104,'','Com coleta seletiva implantada ','','col-sm-6','','','',0,1,25,0,'2013-11-22 12:07:48','2013-11-22 12:09:17',NULL,NULL),(150,1,104,'Quantidade Total','2. Escolas estaduais','','col-sm-6 marginTop','','','',0,1,25,0,'2013-11-22 12:09:53','2013-11-22 12:09:53',NULL,NULL),(151,1,104,'','Com coleta seletiva implantada','','col-sm-6 marginTop','','','',0,1,25,0,'2013-11-22 12:10:02','2013-11-22 12:10:02',NULL,NULL),(152,1,104,'Quantidade Total','3. Escolas federais','','col-sm-6 marginTop','','','',0,1,25,0,'2013-11-22 12:10:11','2013-11-22 12:10:21',NULL,NULL),(153,1,104,'','Com coleta seletiva implantada','','col-sm-6 marginTop','','','',0,1,25,0,'2013-11-22 12:10:31','2013-11-22 12:10:51',NULL,NULL),(154,1,104,'Quantidade Total','4. Hospitais / Postos de Saúde municipais','','col-sm-6 marginTop','','','',0,1,25,0,'2013-11-22 12:11:06','2013-11-22 12:11:06',NULL,NULL),(155,1,104,'','Com coleta seletiva implantada','','col-sm-6 marginTop','','','',0,1,25,0,'2013-11-22 12:11:21','2013-11-22 12:11:21',NULL,NULL),(156,1,104,'Quantidade Total','5. Hospitais / Postos de Saúde estaduais','','col-sm-6 marginTop','','','',0,1,25,0,'2013-11-22 12:11:33','2013-11-22 12:12:50',NULL,NULL),(157,1,104,'','Com coleta seletiva implantada','','col-sm-6 marginTop','','','',0,1,25,0,'2013-11-22 12:11:44','2013-11-22 12:11:44',NULL,NULL),(158,1,104,'Quantidade Total','6. Hospitais / Postos de Saúde federais','','col-sm-6 marginTop','','','',0,1,25,0,'2013-11-22 12:11:58','2013-11-22 12:11:58',NULL,NULL),(159,1,104,'','Com coleta seletiva implantada','','col-sm-6 marginTop','','','',0,1,25,0,'2013-11-22 12:12:08','2013-11-22 12:12:08',NULL,NULL),(160,1,104,'Quantidade Total','7. Demais Prédios públicos municipais','','col-sm-6 marginTop','','','',0,1,25,0,'2013-11-22 12:12:23','2013-11-22 12:12:23',NULL,NULL),(161,1,104,'','Com coleta seletiva implantada','','col-sm-6 marginTop','','','',0,1,25,0,'2013-11-22 12:12:38','2013-11-22 12:12:38',NULL,NULL),(162,1,104,'Quantidade Total','8. Demais Prédios públicos estaduais','','col-sm-6 marginTop','','','',0,1,25,0,'2013-11-22 12:13:07','2013-11-22 12:13:18',NULL,NULL),(163,1,104,'','Com coleta seletiva implantada','','col-sm-6 marginTop','','','',0,1,25,0,'2013-11-22 12:13:30','2013-11-22 12:13:30',NULL,NULL),(164,1,104,'Quantidade Total','9. Demais Prédios públicos federais','','col-sm-6 marginTop','','','',0,1,25,0,'2013-11-22 12:13:41','2013-11-22 12:14:03',NULL,NULL),(165,1,104,'','Com coleta seletiva implantada','','col-sm-6 marginTop','','','',0,1,25,0,'2013-11-22 12:13:50','2013-11-22 12:14:13',NULL,NULL),(169,1,106,'','','','col-sm-12','','','',0,1,25,0,'2013-11-26 02:51:55','2013-11-26 02:51:55',NULL,NULL),(171,1,108,'','','','col-sm-12','','','',0,1,25,0,'2013-11-26 02:53:28','2013-11-26 02:53:28',NULL,NULL),(174,1,111,'','','','col-sm-12','','','',0,1,25,0,'2013-11-26 02:55:16','2013-11-26 02:55:16',NULL,NULL),(177,1,114,'','','','col-sm-12','','','',0,1,25,0,'2013-11-26 03:07:24','2013-11-26 03:07:24',NULL,NULL),(179,1,116,'','','','col-sm-12','','','',0,1,25,0,'2013-11-26 03:08:07','2013-11-26 03:08:07',NULL,NULL),(182,1,119,'Toneladas / Dia','Numero de toneladas','','col-sm-12','','','',1,1,25,0,'2013-11-26 12:22:06','2013-11-26 12:22:06',NULL,NULL),(186,1,123,'','','','col-sm-12','','','',0,1,25,0,'2014-02-06 22:19:28','2014-02-06 22:19:28',0,0),(187,1,124,'','','','col-sm-12','','','',0,1,25,0,'2014-02-06 22:19:46','2014-02-06 22:19:46',0,0),(188,1,125,'','','','col-sm-12','','county.code','',0,1,25,1,'2014-02-06 22:24:23','2014-02-06 22:25:15',0,0),(189,1,126,'','','','col-sm-12','county_code','','/counties.json?code={value}',0,1,25,1,'2014-02-06 22:24:48','2014-02-06 22:24:48',0,0),(190,1,127,'','Nome','','col-sm-6','','','',0,1,25,0,'2014-02-06 23:25:55','2014-02-06 23:25:55',0,0),(191,1,127,'','Endereço','','col-sm-6','','','',0,1,25,0,'2014-02-06 23:26:09','2014-02-06 23:26:09',0,0),(192,1,127,'','Bairro','','col-sm-4 marginTop','','','',0,1,25,0,'2014-02-06 23:26:37','2014-02-06 23:27:04',0,0),(193,1,127,'','Cidade','','col-sm-4 marginTop','','','',0,1,25,0,'2014-02-06 23:26:51','2014-02-06 23:26:51',0,0),(194,1,127,'','Telefone','','col-sm-4 marginTop','','','',0,1,25,0,'2014-02-06 23:27:20','2014-02-06 23:27:20',0,0),(195,4,127,'','Dias de funcionamento','','col-sm-4 marginTop','','','',0,1,25,0,'2014-02-06 23:29:22','2014-02-06 23:29:22',0,0),(196,4,127,'','Status','','col-sm-4 marginTop','','','',0,1,25,0,'2014-02-06 23:30:20','2014-02-06 23:30:20',0,0),(197,1,127,'','Ano de início no PCSS','','col-sm-4 marginTop','','','',0,1,25,0,'2014-02-06 23:30:44','2014-02-06 23:30:44',0,0),(198,1,127,'','Ano de desligamento do PCSS','','col-sm-4 marginTop','','','',0,1,25,0,'2014-02-06 23:31:00','2014-02-06 23:31:00',0,0),(199,1,127,'','CNPJ','','col-sm-8 marginTop','','','',0,1,25,0,'2014-02-06 23:31:23','2014-02-06 23:31:23',0,0),(200,1,128,'','','','col-sm-12','','','',1,1,25,0,'2014-02-07 00:20:29','2014-02-07 00:20:29',0,0),(201,1,129,'','','','col-sm-12','','county.code','',0,1,25,1,'2014-02-07 00:23:10','2014-02-07 00:23:10',0,0),(202,1,130,'','','','col-sm-12','county_code','','/counties.json?code={value}',0,1,25,1,'2014-02-07 00:23:45','2014-02-07 00:23:45',0,0),(203,1,131,'','Nome','','col-sm-6','','','',0,1,25,0,'2014-02-07 00:26:16','2014-02-07 00:26:16',0,0),(204,1,131,'','Endereço','','col-sm-6','','','',0,1,25,0,'2014-02-07 00:26:37','2014-02-07 00:26:37',0,0),(205,1,131,'','Bairro','','col-sm-4 marginTop','','','',0,1,25,0,'2014-02-07 00:27:16','2014-02-07 00:27:16',0,0),(206,1,131,'','Cidade','','col-sm-4 marginTop','','','',0,1,25,0,'2014-02-07 00:27:44','2014-02-07 00:27:44',0,0),(207,1,131,'','Telefone','','col-sm-4 marginTop','','','',0,1,25,0,'2014-02-07 00:28:07','2014-02-07 00:28:07',0,0),(208,4,131,'','Dias de funcionamento','','col-sm-4 marginTop','','','',0,1,25,0,'2014-02-07 00:29:39','2014-02-07 00:29:39',0,0),(209,4,131,'','Status','','col-sm-4 marginTop','','','',0,1,25,0,'2014-02-07 00:30:24','2014-02-07 00:30:24',0,0),(210,4,131,'','Tipo','','col-sm-4 marginTop','','','',0,1,25,0,'2014-02-07 00:31:02','2014-02-07 00:31:02',0,0),(211,1,131,'','Ano de início no PCSS','','col-sm-6 marginTop','','','',0,1,25,0,'2014-02-07 00:31:33','2014-02-07 00:31:33',0,0),(212,1,131,'','Ano de desligamento do PCSS','','col-sm-6 marginTop','','','',0,1,25,0,'2014-02-07 00:31:49','2014-02-07 00:31:49',0,0),(213,1,132,'','','','col-sm-12','','','',1,1,25,0,'2014-02-09 12:59:21','2014-02-09 12:59:21',0,0),(214,1,134,'','','','col-sm-12','county_code','','/counties.json?code={value}',0,1,25,1,'2014-02-09 13:00:24','2014-02-09 13:00:24',0,0),(215,1,133,'','','','col-sm-12','','county.code','',0,1,25,1,'2014-02-09 13:00:38','2014-02-09 13:00:38',0,0),(216,1,135,'','Nome','','col-sm-6','','','',0,1,25,0,'2014-02-09 13:32:58','2014-02-09 13:38:28',0,0),(217,1,135,'','Endereço','','col-sm-6','','','',0,1,25,0,'2014-02-09 13:33:13','2014-02-09 13:33:13',0,0),(218,1,135,'','Bairro','','col-sm-4 marginTop','','','',0,1,25,0,'2014-02-09 13:33:28','2014-02-09 13:33:28',0,0),(219,1,135,'','Cidade','','col-sm-4 marginTop','','','',0,1,25,0,'2014-02-09 13:33:44','2014-02-09 13:33:44',0,0),(220,1,135,'','Telefone','','col-sm-4 marginTop','','','',0,1,25,0,'2014-02-09 13:33:59','2014-02-09 13:33:59',0,0),(221,4,135,'','Dias de funcionamento','','col-sm-4 marginTop','','','',0,1,25,0,'2014-02-09 13:34:32','2014-02-09 13:34:32',0,0),(222,4,135,'','Status','','col-sm-4 marginTop','','','',0,1,25,0,'2014-02-09 13:35:12','2014-02-09 13:35:12',0,0),(223,4,135,'','Tipo','','col-sm-4 marginTop','','','',0,1,25,0,'2014-02-09 13:35:48','2014-02-09 13:35:48',0,0),(224,1,135,'','Ano de início no PCSS','','col-sm-6 marginTop','','','',0,1,25,0,'2014-02-09 13:36:07','2014-02-09 13:36:07',0,0),(225,1,135,'','Ano de desligamento do PCSS','','col-sm-6 marginTop','','','',0,1,25,0,'2014-02-09 13:36:23','2014-02-09 13:36:23',0,0),(226,1,136,'','','','col-sm-12','','','',1,1,25,0,'2014-02-09 14:02:29','2014-02-09 14:02:29',0,0),(227,1,137,'','','','col-sm-12','','county.code','',0,1,25,1,'2014-02-09 14:03:39','2014-02-09 14:03:39',0,0),(228,1,138,'','','','col-sm-12','county_code','','/counties.json?code={value}',0,1,25,1,'2014-02-09 14:04:01','2014-02-10 21:24:30',0,0),(229,1,139,'','','','col-sm-12','','','',1,1,25,0,'2014-02-09 14:04:14','2014-02-09 14:04:14',0,0),(317,1,156,'','','','col-sm-12','','','',1,1,25,0,'2014-02-09 15:00:11','2014-02-09 15:00:11',0,0),(318,1,157,'','','','col-sm-12','','county.code','',0,1,25,1,'2014-02-09 15:01:11','2014-02-09 15:01:11',0,0),(319,1,158,'','','','col-sm-12','county_code','','/counties.json?code={value}',0,1,25,1,'2014-02-09 15:01:30','2014-02-09 15:01:30',0,0),(320,1,159,'','','','col-sm-12','','','',0,1,25,0,'2014-02-09 15:01:40','2014-02-09 15:01:40',0,0),(321,1,160,'','Nome','','col-sm-4','','','',0,1,25,0,'2014-02-09 15:05:07','2014-02-09 15:13:52',0,0),(322,1,160,'','Endereço','','col-sm-4','','','',0,1,25,0,'2014-02-09 15:05:16','2014-02-09 15:14:01',0,0),(323,4,160,'','Sexo','','col-sm-4','','','',0,1,25,0,'2014-02-09 15:09:38','2014-02-09 15:14:11',0,0),(324,1,160,'','Bairro','','col-sm-4 marginTop','','','',0,1,25,0,'2014-02-09 15:05:26','2014-02-09 15:05:26',0,0),(325,1,160,'','Cidade','','col-sm-4 marginTop','','','',0,1,25,0,'2014-02-09 15:05:35','2014-02-09 15:05:35',0,0),(326,1,160,'','Telefone','','col-sm-4 marginTop','','','',0,1,25,0,'2014-02-09 15:05:44','2014-02-09 15:05:44',0,0),(327,4,160,'','Dias de funcionamento','','col-sm-4 marginTop','','','',0,1,25,0,'2014-02-09 15:06:10','2014-02-09 15:06:10',0,0),(328,4,160,'','Status','','col-sm-4 marginTop','','','',0,1,25,0,'2014-02-09 15:06:34','2014-02-09 15:06:34',0,0),(329,4,160,'','Função principal','','col-sm-4 marginTop','','','',0,1,25,0,'2014-02-09 15:06:58','2014-02-09 15:08:31',0,0),(330,1,160,'','Ano de início no PCSS','','col-sm-6 marginTop','','','',0,1,25,0,'2014-02-09 15:07:10','2014-02-09 15:07:10',0,0),(331,1,160,'','Ano de desligamento do PCSS','','col-sm-6 marginTop','','','',0,1,25,0,'2014-02-09 15:07:20','2014-02-09 15:07:20',0,0),(332,1,161,'','','','col-sm-12','','','',1,1,25,0,'2014-02-09 15:29:48','2014-02-09 15:29:48',0,0),(333,1,162,'','','','col-sm-12','','county.code','',0,1,25,1,'2014-02-09 15:31:11','2014-02-09 15:31:11',0,0),(334,1,163,'','','','col-sm-12','county_code','','/counties.json?code={value}',0,1,25,1,'2014-02-09 15:31:32','2014-02-09 15:31:32',0,0),(335,1,164,'','','','col-sm-12','','','',0,1,25,0,'2014-02-09 15:48:17','2014-02-09 15:48:17',0,0),(336,1,165,'','','','col-sm-12','','','',0,1,25,0,'2014-02-09 15:48:40','2014-02-09 15:48:40',0,0),(337,1,166,'','','','col-sm-12','','','',0,1,25,0,'2014-02-09 15:48:47','2014-02-09 15:48:47',0,0),(338,1,167,'','','','col-sm-12','','','',0,1,25,0,'2014-02-09 15:48:55','2014-02-09 15:48:55',0,0),(339,1,168,'','','','col-sm-12','','','',0,1,25,0,'2014-02-09 15:49:02','2014-02-09 15:49:02',0,0),(340,1,169,'','','','col-sm-2','','','',0,1,25,0,'2014-02-09 15:49:17','2014-02-09 15:50:56',0,0),(341,1,169,'','','','col-sm-10','','','',0,1,25,0,'2014-02-09 15:49:28','2014-02-09 15:51:08',0,0),(342,1,170,'','','','col-sm-12','','','',0,1,25,0,'2014-02-09 15:51:33','2014-02-09 15:51:33',0,0),(343,2,171,'','Segunda','','col-sm-1','','','',0,1,25,0,'2014-02-09 15:52:24','2014-02-09 15:59:26',0,0),(344,2,171,'','Terça','','col-sm-1','','','',0,1,25,0,'2014-02-09 15:55:39','2014-02-09 15:59:16',0,0),(345,2,171,'','Quarta','','col-sm-1','','','',0,1,25,0,'2014-02-09 15:56:28','2014-02-09 15:59:01',0,0),(346,2,171,'','Quinta','','col-sm-1','','','',0,1,25,0,'2014-02-09 15:56:49','2014-02-09 15:58:45',0,0),(347,2,171,'','Sexta','','col-sm-1','','','',0,1,25,0,'2014-02-09 15:57:07','2014-02-09 15:58:30',0,0),(348,2,171,'','Sábado','','col-sm-1','','','',0,1,25,0,'2014-02-09 15:57:24','2014-02-09 15:58:11',0,0),(349,2,171,'','Domingo','','col-sm-1','','','',0,1,25,0,'2014-02-09 15:57:55','2014-02-09 15:57:55',0,0),(350,1,172,'','','','col-sm-12','','','',0,1,25,0,'2014-02-09 16:03:46','2014-02-09 16:03:46',0,0),(352,1,174,'','','','col-sm-12','','','',0,1,25,0,'2014-02-09 16:04:45','2014-02-09 16:04:45',0,0),(353,3,175,'','','','col-sm-12','','','',0,1,25,0,'2014-02-09 16:04:53','2014-02-09 16:08:13',0,0),(354,3,176,'','','','col-sm-12','','','',0,1,25,0,'2014-02-09 16:05:13','2014-02-09 16:07:38',0,0),(355,1,173,'','','','col-sm-12','','','',0,1,25,0,'2014-02-09 16:07:06','2014-02-09 16:07:06',0,0),(356,1,177,'','','','col-sm-12','','','',0,1,25,0,'2014-02-09 16:10:50','2014-02-09 16:10:50',0,0),(357,3,178,'','','','col-sm-12','','','',0,1,25,0,'2014-02-09 16:11:22','2014-02-09 16:11:22',0,0),(358,1,179,'','','','col-sm-12','','','',0,1,25,0,'2014-02-09 16:11:34','2014-02-09 16:11:34',0,0),(359,1,180,'','','','col-sm-2','','','',0,1,25,0,'2014-02-09 16:11:41','2014-02-09 16:14:39',0,0),(360,3,181,'','','','col-sm-12','','','',0,1,25,0,'2014-02-09 16:11:57','2014-02-09 16:11:57',0,0),(361,1,182,'','','','col-sm-12','','','',0,1,25,0,'2014-02-09 16:12:04','2014-02-09 16:12:04',0,0),(362,3,183,'','','','col-sm-12','','','',0,1,25,0,'2014-02-09 16:12:38','2014-02-09 16:12:38',0,0),(363,1,183,'','Outros','','col-sm-12 marginTop','','','',0,1,25,0,'2014-02-09 16:12:49','2014-02-09 16:13:11',0,0),(364,1,184,'','','','col-sm-12','','','',0,1,25,0,'2014-02-09 16:13:51','2014-02-09 16:13:51',0,0),(365,1,180,'','','','col-sm-10','','','',0,1,25,0,'2014-02-09 16:14:28','2014-02-09 16:14:28',0,0),(366,2,185,'','','','col-sm-12','','','',0,1,25,0,'2014-02-09 16:20:24','2014-02-09 16:20:24',0,0),(367,1,185,'','Outros','','col-sm-12 marginTop','','','',0,1,25,0,'2014-02-09 16:20:29','2014-02-09 16:20:47',0,0),(368,2,186,'','','','col-sm-12','','','',0,1,25,0,'2014-02-09 16:28:50','2014-02-09 16:28:50',0,0),(369,1,186,'','Outros','','col-sm-12 marginTop','','','',0,1,25,0,'2014-02-09 16:28:58','2014-02-09 16:28:58',0,0),(370,3,187,'','','','col-sm-12','','','',0,1,25,0,'2014-02-09 16:29:27','2014-02-09 16:29:27',0,0),(371,3,188,'','','','col-sm-12','','','',0,1,25,0,'2014-02-09 16:29:51','2014-02-09 16:29:51',0,0),(372,2,189,'','','','col-sm-12','','','',0,1,25,0,'2014-02-09 16:30:22','2014-02-09 16:30:22',0,0),(373,3,190,'','','','col-sm-12','','','',0,1,25,0,'2014-02-09 16:31:43','2014-02-09 16:31:43',0,0),(374,3,191,'','','','col-sm-12','','','',0,1,25,0,'2014-02-09 16:32:05','2014-02-09 16:32:05',0,0),(375,3,192,'','','','col-sm-12','','','',0,1,25,0,'2014-02-09 16:32:26','2014-02-09 16:32:26',0,0),(376,2,193,'','','','col-sm-12','','','',0,1,25,0,'2014-02-09 16:33:16','2014-02-09 16:33:16',0,0),(377,1,193,'','Outros','','col-sm-12 marginTop','','','',0,1,25,0,'2014-02-09 16:33:25','2014-02-09 16:33:25',0,0),(378,3,194,'','','','col-sm-12','','','',0,1,25,0,'2014-02-09 16:35:20','2014-02-09 16:36:50',0,0),(379,3,195,'','','','col-sm-12','','','',0,1,25,0,'2014-02-09 16:35:35','2014-02-09 16:36:38',0,0),(380,3,196,'','','','col-sm-12','','','',0,1,25,0,'2014-02-09 16:36:03','2014-02-09 16:36:03',0,0),(381,3,197,'','','','col-sm-12','','','',0,1,25,0,'2014-02-09 16:37:46','2014-02-09 16:37:46',0,0),(382,3,198,'','','','col-sm-12','','','',0,1,25,0,'2014-02-09 16:38:08','2014-02-09 16:38:08',0,0),(383,3,198,'','','','col-sm-12','','','',0,1,25,0,'2014-02-09 16:38:33','2014-02-09 16:38:33',0,0),(384,3,199,'','','','col-sm-12','','','',0,1,25,0,'2014-02-09 16:38:54','2014-02-09 16:38:54',0,0),(385,3,200,'','','','col-sm-12','','','',0,1,25,0,'2014-02-09 16:40:57','2014-02-09 16:40:57',0,0),(386,3,201,'','','','col-sm-12','','','',0,1,25,0,'2014-02-09 16:41:31','2014-02-09 16:41:31',0,0),(387,1,201,'','Outros','','col-sm-12 marginTop','','','',0,1,25,0,'2014-02-09 16:41:38','2014-02-09 16:41:55',0,0),(388,3,202,'','','','col-sm-12','','','',0,1,25,0,'2014-02-09 16:42:21','2014-02-09 16:42:21',0,0),(389,3,203,'','','','col-sm-12','','','',0,1,25,0,'2014-02-09 16:42:37','2014-02-09 16:42:37',0,0),(390,3,204,'','','','col-sm-12','','','',0,1,25,0,'2014-02-09 16:44:29','2014-02-09 16:44:29',0,0),(391,2,205,'','','','col-sm-12','','','',0,1,25,0,'2014-02-09 16:44:57','2014-02-09 16:44:57',0,0),(392,1,205,'','Outros','','col-sm-12 marginTop','','','',0,1,25,0,'2014-02-09 16:45:02','2014-02-09 16:46:25',0,0),(393,2,206,'','','','col-sm-12','','','',0,1,25,0,'2014-02-09 16:45:36','2014-02-09 16:45:36',0,0),(394,2,207,'','','','col-sm-12','','','',0,1,25,0,'2014-02-09 16:45:59','2014-02-09 16:45:59',0,0),(395,1,208,'','','','col-sm-12','','','',1,1,25,0,'2014-02-09 18:02:48','2014-02-09 18:02:48',0,0),(396,1,209,'','','','col-sm-12','','county.code','',0,1,25,1,'2014-02-09 18:03:45','2014-02-09 18:04:12',0,0),(397,1,210,'','','','col-sm-12','county_code','','/counties.json?code={value}',0,1,25,1,'2014-02-09 18:03:55','2014-02-09 18:03:55',0,0),(398,1,211,'','','','col-sm-12','','','',0,1,25,0,'2014-02-09 18:10:12','2014-02-09 18:10:12',0,0),(399,1,212,'','','','col-sm-12','','','',0,1,25,0,'2014-02-09 18:10:20','2014-02-09 18:10:20',0,0),(400,1,213,'','','','col-sm-12','','','',0,1,25,0,'2014-02-09 18:10:29','2014-02-09 18:10:29',0,0),(401,1,214,'','','','col-sm-12','','','',0,1,25,0,'2014-02-09 18:10:36','2014-02-09 18:10:36',0,0),(402,1,215,'','','','col-sm-12','','','',0,1,25,0,'2014-02-09 18:10:44','2014-02-09 18:10:44',0,0),(403,1,216,'','','','col-sm-12','','','',0,1,25,0,'2014-02-09 18:11:05','2014-02-09 18:11:05',0,0),(404,1,217,'','','','col-sm-12','','','',0,1,25,0,'2014-02-09 18:11:27','2014-02-09 18:11:27',0,0),(405,1,219,'','','','col-sm-12','','','',0,1,25,0,'2014-02-09 18:11:39','2014-02-09 18:11:39',0,0),(406,1,220,'','','','col-sm-12','','','',0,1,25,0,'2014-02-09 18:11:48','2014-02-09 18:11:48',0,0),(407,1,221,'','','','col-sm-12','','','',0,1,25,0,'2014-02-09 18:11:55','2014-02-09 18:11:55',0,0),(408,1,222,'','','','col-sm-2','','','',0,1,25,0,'2014-02-09 18:12:08','2014-02-09 18:12:08',0,0),(409,1,222,'','','','col-sm-10','','','',0,1,25,0,'2014-02-09 18:12:13','2014-02-09 18:12:13',0,0),(410,1,223,'','','','col-sm-12','','','',0,1,25,0,'2014-02-09 18:12:20','2014-02-09 18:12:20',0,0),(411,1,218,'','','','col-sm-12','','','',0,1,25,0,'2014-02-09 18:12:56','2014-02-09 18:12:56',0,0),(412,2,224,'','Segunda','','col-sm-1','','','',0,1,25,0,'2014-02-09 18:13:57','2014-02-09 18:13:57',0,0),(413,2,224,'','Terça','','col-sm-1','','','',0,1,25,0,'2014-02-09 18:14:10','2014-02-09 18:18:15',0,0),(414,2,224,'','Quarta','','col-sm-1','','','',0,1,25,0,'2014-02-09 18:14:22','2014-02-09 18:19:05',0,0),(415,2,224,'','Quinta','','col-sm-1','','','',0,1,25,0,'2014-02-09 18:15:45','2014-02-09 18:19:25',0,0),(416,2,224,'','Sexta','','col-sm-1','','','',0,1,25,0,'2014-02-09 18:16:04','2014-02-09 18:17:38',0,0),(417,2,224,'','Sábado','','col-sm-1','','','',0,1,25,0,'2014-02-09 18:16:30','2014-02-09 18:16:30',0,0),(418,2,224,'','Domingo','','col-sm-1','','','',0,1,25,0,'2014-02-09 18:16:48','2014-02-09 18:16:48',0,0),(419,1,225,'','Alunos','','col-sm-3','','','',0,1,25,0,'2014-02-09 18:20:17','2014-02-09 18:20:17',0,0),(420,1,225,'','Professores','','col-sm-3','','','',0,1,25,0,'2014-02-09 18:20:26','2014-02-09 18:20:26',0,0),(421,1,225,'','Funcionários da limpeza','','col-sm-3','','','',0,1,25,0,'2014-02-09 18:20:32','2014-02-09 18:20:32',0,0),(422,1,225,'','Funcionários de apoio','','col-sm-3','','','',0,1,25,0,'2014-02-09 18:20:38','2014-02-09 18:20:38',0,0),(423,1,226,'','','','col-sm-12','','','',0,1,25,0,'2014-02-09 18:21:12','2014-02-09 18:21:12',0,0),(424,3,227,'','','','col-sm-12','','','',0,1,25,0,'2014-02-09 18:21:38','2014-02-09 18:21:38',0,0),(425,1,228,'','','','col-sm-12','','','',0,1,25,0,'2014-02-09 18:24:04','2014-02-09 18:24:04',0,0),(426,1,229,'','','','col-sm-12','','','',0,1,25,0,'2014-02-09 18:24:10','2014-02-09 18:24:10',0,0),(427,3,230,'','','','col-sm-12','','','',0,1,25,0,'2014-02-09 18:24:28','2014-02-09 18:24:28',0,0),(428,3,231,'','','','col-sm-12','','','',0,1,25,0,'2014-02-09 18:24:44','2014-02-09 18:24:44',0,0),(429,3,232,'','','','col-sm-12','','','',0,1,25,0,'2014-02-09 18:25:05','2014-02-09 18:25:05',0,0),(430,3,233,'','','','col-sm-12','','','',0,1,25,0,'2014-02-09 18:25:18','2014-02-09 18:25:18',0,0),(431,2,234,'','','','col-sm-12','','','',0,1,25,0,'2014-02-09 18:28:24','2014-02-09 18:28:24',0,0),(432,1,234,'','Outros','','col-sm-12 marginTop','','','',0,1,25,0,'2014-02-09 18:28:32','2014-02-09 18:28:32',0,0),(433,3,235,'','','','col-sm-12','','','',0,1,25,0,'2014-02-09 18:29:59','2014-02-09 18:29:59',0,0),(434,3,236,'','','','col-sm-12','','','',0,1,25,0,'2014-02-09 18:30:35','2014-02-09 18:30:35',0,0),(435,3,237,'','','','col-sm-12','','','',0,1,25,0,'2014-02-09 18:31:49','2014-02-09 18:31:49',0,0),(436,1,237,'','Outros','','col-sm-12 marginTop','','','',0,1,25,0,'2014-02-09 18:32:05','2014-02-09 18:32:05',0,0),(437,2,238,'','','','col-sm-12','','','',0,1,25,0,'2014-02-09 18:33:40','2014-02-09 18:33:40',0,0),(438,2,239,'','','','col-sm-12','','','',0,1,25,0,'2014-02-09 18:34:41','2014-02-09 18:34:41',0,0),(439,3,240,'','','','col-sm-12','','','',0,1,25,0,'2014-02-09 18:35:12','2014-02-09 18:35:40',0,0),(440,3,241,'','','','col-sm-12','','','',0,1,25,0,'2014-02-09 18:42:05','2014-02-09 18:42:05',0,0),(441,3,242,'','','','col-sm-12','','','',0,1,25,0,'2014-02-09 18:42:21','2014-02-09 18:42:21',0,0),(442,1,243,'','','','col-sm-12','','','',0,1,25,0,'2014-02-09 18:42:39','2014-02-09 18:42:39',0,0),(443,2,244,'','','','col-sm-12','','','',0,1,25,0,'2014-02-09 18:43:17','2014-02-09 18:43:17',0,0),(444,3,245,'','','','col-sm-12','','','',0,1,25,0,'2014-02-09 18:43:36','2014-02-09 18:43:36',0,0),(446,3,246,'','','','col-sm-12','','','',0,1,25,0,'2014-02-09 18:45:02','2014-02-09 18:45:44',0,0),(447,2,247,'','','','col-sm-12','','','',0,1,25,0,'2014-02-09 18:46:43','2014-02-09 18:46:43',0,0),(448,3,248,'','','','col-sm-12','','','',0,1,25,0,'2014-02-09 18:47:06','2014-02-09 18:47:06',0,0),(449,2,249,'','','','col-sm-12','','','',0,1,25,0,'2014-02-09 18:47:50','2014-02-09 18:47:50',0,0),(450,3,250,'','','','col-sm-12','','','',0,1,25,0,'2014-02-09 18:48:20','2014-02-09 18:48:20',0,0),(451,1,252,'','Nome','','col-sm-3','','','',0,1,25,0,'2014-02-09 18:49:00','2014-02-09 18:49:00',0,0),(452,1,252,'','E-mail','','col-sm-3','','','',0,1,25,0,'2014-02-09 18:49:09','2014-02-09 18:49:09',0,0),(453,1,252,'','Telefone','','col-sm-3','','','',0,1,25,0,'2014-02-09 18:49:14','2014-02-09 18:49:14',0,0),(454,1,252,'','Cargo','','col-sm-3','','','',0,1,25,0,'2014-02-09 18:49:24','2014-02-09 18:49:24',0,0),(455,3,254,'','','','col-sm-12','','','',0,1,25,0,'2014-02-09 18:56:14','2014-02-09 18:56:14',0,0),(456,3,255,'','','','col-sm-12','','','',0,1,25,0,'2014-02-09 18:56:38','2014-02-09 18:56:38',0,0),(457,3,256,'','','','col-sm-12','','','',0,1,25,0,'2014-02-09 18:57:05','2014-02-09 18:57:05',0,0),(458,3,257,'','','','col-sm-12','','','',0,1,25,0,'2014-02-09 18:57:25','2014-02-09 18:57:25',0,0),(459,3,258,'','','','col-sm-12','','','',0,1,25,0,'2014-02-09 18:59:12','2014-02-09 18:59:12',0,0),(460,3,259,'','','','col-sm-12','','','',0,1,25,0,'2014-02-09 18:59:28','2014-02-09 18:59:28',0,0),(461,2,260,'','','','col-sm-12','','','',0,1,25,0,'2014-02-09 19:00:04','2014-02-09 19:00:04',0,0),(462,1,261,'','','','col-sm-12','','','',0,1,25,0,'2014-02-09 19:05:40','2014-02-09 19:05:40',0,0),(463,1,262,'','','','col-sm-12','','county.code','',0,1,25,1,'2014-02-09 19:06:30','2014-02-09 19:06:30',0,0),(464,1,263,'','','','col-sm-12','county_code','','/counties.json?code={value}',0,1,25,1,'2014-02-09 19:06:46','2014-02-09 19:06:46',0,0),(465,1,264,'','','','col-sm-12','','','',0,1,25,0,'2014-02-09 19:12:27','2014-02-09 19:12:27',0,0),(466,1,265,'','','','col-sm-12','','','',0,1,25,0,'2014-02-09 19:12:39','2014-02-09 19:12:39',0,0),(467,1,266,'','','','col-sm-12','','','',0,1,25,0,'2014-02-09 19:12:47','2014-02-09 19:12:47',0,0),(468,1,267,'','','','col-sm-12','','','',0,1,25,0,'2014-02-09 19:12:55','2014-02-09 19:12:55',0,0),(469,1,268,'','','','col-sm-12','','','',0,1,25,0,'2014-02-09 19:13:05','2014-02-09 19:13:05',0,0),(470,1,269,'','','','col-sm-2','','','',0,1,25,0,'2014-02-09 19:13:20','2014-02-09 19:13:20',0,0),(471,1,269,'','','','col-sm-10','','','',0,1,25,0,'2014-02-09 19:13:25','2014-02-09 19:13:25',0,0),(472,1,270,'','','','col-sm-12','','','',0,1,25,0,'2014-02-09 19:13:34','2014-02-09 19:13:34',0,0),(473,2,271,'','Segunda','','col-sm-1','','','',0,1,25,0,'2014-02-09 19:14:00','2014-02-09 19:16:15',0,0),(474,2,271,'','Terça','','col-sm-1','','','',0,1,25,0,'2014-02-09 19:14:18','2014-02-09 19:14:18',0,0),(475,2,271,'','Quarta','','col-sm-1','','','',0,1,25,0,'2014-02-09 19:14:33','2014-02-09 19:14:33',0,0),(476,2,271,'','Quinta','','col-sm-1','','','',0,1,25,0,'2014-02-09 19:15:03','2014-02-09 19:15:03',0,0),(477,2,271,'','Sexta','','col-sm-1','','','',0,1,25,0,'2014-02-09 19:15:21','2014-02-09 19:15:21',0,0),(478,2,271,'','Sábado','','col-sm-1','','','',0,1,25,0,'2014-02-09 19:15:40','2014-02-09 19:15:40',0,0),(479,2,271,'','Domingo','','col-sm-1','','','',0,1,25,0,'2014-02-09 19:15:55','2014-02-09 19:15:55',0,0),(480,1,272,'','','','col-sm-12','','','',0,1,25,0,'2014-02-09 19:18:26','2014-02-09 19:18:26',0,0),(481,1,273,'','','','col-sm-12','','','',0,1,25,0,'2014-02-09 19:18:33','2014-02-09 19:18:33',0,0),(482,1,274,'','','','col-sm-12','','','',0,1,25,0,'2014-02-09 19:18:38','2014-02-09 19:18:38',0,0),(483,3,275,'','','','col-sm-12','','','',0,1,25,0,'2014-02-09 19:19:03','2014-02-09 19:19:03',0,0),(484,3,276,'','','','col-sm-12','','','',0,1,25,0,'2014-02-09 19:19:16','2014-02-09 19:19:43',0,0),(485,1,277,'','','','col-sm-12','','','',0,1,25,0,'2014-02-09 19:45:37','2014-02-09 19:45:37',0,0),(486,3,278,'','','','col-sm-12','','','',0,1,25,0,'2014-02-09 19:45:56','2014-02-09 19:45:56',0,0),(487,1,279,'','','','col-sm-12','','','',0,1,25,0,'2014-02-09 19:46:02','2014-02-09 19:46:02',0,0),(488,1,280,'','','','col-sm-2','','','',0,1,25,0,'2014-02-09 19:46:12','2014-02-09 19:46:12',0,0),(489,1,280,'','','','col-sm-10','','','',0,1,25,0,'2014-02-09 19:46:18','2014-02-09 19:46:18',0,0),(491,3,281,'','','','col-sm-12','','','',0,1,25,0,'2014-02-09 19:47:00','2014-02-09 19:47:00',0,0),(492,1,282,'','','','col-sm-12','','','',0,1,25,0,'2014-02-09 19:47:47','2014-02-09 19:47:47',0,0),(493,2,283,'','','','col-sm-12','','','',0,1,25,0,'2014-02-09 19:48:17','2014-02-09 19:48:17',0,0),(494,1,283,'','Outros','','col-sm-12 marginTop','','','',0,1,25,0,'2014-02-09 19:48:28','2014-02-09 19:48:28',0,0),(495,1,284,'','','','col-sm-12','','','',0,1,25,0,'2014-02-09 19:48:37','2014-02-09 19:48:37',0,0),(496,2,285,'','','','col-sm-12','','','',0,1,25,0,'2014-02-09 20:05:44','2014-02-09 20:05:44',0,0),(497,1,285,'','Outros','','col-sm-12 marginTop','','','',0,1,25,0,'2014-02-09 20:06:00','2014-02-09 20:06:00',0,0),(498,3,286,'','','','col-sm-12','','','',0,1,25,0,'2014-02-09 20:07:08','2014-02-09 20:07:08',0,0),(499,1,286,'','Outros','','col-sm-12 marginTop','','','',0,1,25,0,'2014-02-09 20:07:16','2014-02-09 20:07:16',0,0),(500,3,287,'','','','col-sm-12','','','',0,1,25,0,'2014-02-09 20:07:37','2014-02-09 20:07:37',0,0),(501,2,288,'','','','col-sm-12','','','',0,1,25,0,'2014-02-09 20:08:05','2014-02-09 20:08:05',0,0),(502,2,289,'','','','col-sm-12','','','',0,1,25,0,'2014-02-09 20:08:40','2014-02-09 20:08:40',0,0),(503,2,290,'','','','col-sm-12','','','',0,1,25,0,'2014-02-09 20:09:59','2014-02-09 20:09:59',0,0),(504,3,291,'','','','col-sm-12','','','',0,1,25,0,'2014-02-09 20:10:12','2014-02-09 20:10:12',0,0),(505,3,292,'','','','col-sm-12','','','',0,1,25,0,'2014-02-09 20:10:30','2014-02-09 20:10:30',0,0),(506,2,293,'','','','col-sm-12','','','',0,1,25,0,'2014-02-09 20:11:19','2014-02-09 20:11:19',0,0),(507,1,293,'','Outros','','col-sm-12 marginTop','','','',0,1,25,0,'2014-02-09 20:11:30','2014-02-09 20:11:30',0,0),(508,3,294,'','','','col-sm-12','','','',0,1,25,0,'2014-02-09 20:57:12','2014-02-09 20:57:12',0,0),(509,3,295,'','','','col-sm-12','','','',0,1,25,0,'2014-02-09 20:57:24','2014-02-09 20:57:24',0,0),(510,3,296,'','','','col-sm-12','','','',0,1,25,0,'2014-02-09 20:57:48','2014-02-09 20:57:48',0,0),(511,3,297,'','','','col-sm-12','','','',0,1,25,0,'2014-02-09 20:58:19','2014-02-09 20:58:19',0,0),(512,3,298,'','','','col-sm-12','','','',0,1,25,0,'2014-02-09 20:58:56','2014-02-09 20:58:56',0,0),(513,3,299,'','','','col-sm-12','','','',0,1,25,0,'2014-02-09 20:59:54','2014-02-09 20:59:54',0,0),(514,3,300,'','','','col-sm-12','','','',0,1,25,0,'2014-02-09 21:01:26','2014-02-09 21:01:26',0,0),(515,2,301,'','','','col-sm-12','','','',0,1,25,0,'2014-02-09 21:02:23','2014-02-09 21:02:23',0,0),(516,1,301,'','Outro','','col-sm-12 marginTop','','','',0,1,25,0,'2014-02-09 21:02:28','2014-02-09 21:02:55',0,0),(517,3,302,'','','','col-sm-12','','','',0,1,25,0,'2014-02-09 21:03:21','2014-02-09 21:03:21',0,0),(518,3,303,'','','','col-sm-12','','','',0,1,25,0,'2014-02-09 21:03:42','2014-02-09 21:03:42',0,0),(519,3,304,'','','','col-sm-12','','','',0,1,25,0,'2014-02-09 21:11:14','2014-02-09 21:11:14',0,0),(520,2,305,'','','','col-sm-12','','','',0,1,25,0,'2014-02-09 21:11:39','2014-02-09 21:11:39',0,0),(521,1,305,'','Outros','','col-sm-12 marginTop','','','',0,1,25,0,'2014-02-09 21:11:47','2014-02-09 21:11:47',0,0),(522,2,306,'','','','col-sm-12','','','',0,1,25,0,'2014-02-09 21:12:37','2014-02-09 21:12:37',0,0),(523,2,307,'','','','col-sm-12','','','',0,1,25,0,'2014-02-09 21:12:58','2014-02-09 21:12:58',0,0),(524,1,308,'','','','col-sm-12','','','',1,1,25,0,'2014-02-09 21:18:59','2014-02-09 21:18:59',0,0),(525,1,309,'','','','col-sm-12','','county.code','',0,1,25,1,'2014-02-09 21:20:49','2014-02-09 21:20:49',0,0),(526,1,310,'','','','col-sm-12','county_code','','/counties.json?code={value}',0,1,25,1,'2014-02-09 21:21:01','2014-02-09 21:21:01',0,0),(527,1,311,'','','','col-sm-12','','','',0,1,25,0,'2014-02-09 21:21:07','2014-02-09 21:21:07',0,0),(528,3,312,'','','','col-sm-12','','','',0,1,25,0,'2014-02-09 21:21:27','2014-02-09 21:21:27',0,0),(529,1,313,'','','','col-sm-12','','','',0,1,25,0,'2014-02-09 21:21:32','2014-02-09 21:21:32',0,0),(530,1,314,'','','','col-sm-12','','','',0,1,25,0,'2014-02-09 21:23:10','2014-02-09 21:23:10',0,0),(531,1,315,'','','','col-sm-12','','','',0,1,25,0,'2014-02-09 21:23:18','2014-02-09 21:23:18',0,0),(532,3,316,'','','','col-sm-12','','','',0,1,25,0,'2014-02-09 21:23:38','2014-02-09 21:23:38',0,0),(533,3,317,'','','','col-sm-12','','','',0,1,25,0,'2014-02-09 21:23:49','2014-02-09 21:23:49',0,0),(534,3,318,'','','','col-sm-12','','','',0,1,25,0,'2014-02-09 21:24:00','2014-02-09 21:26:46',0,0),(535,3,319,'','','','col-sm-12','','','',0,1,25,0,'2014-02-09 21:24:11','2014-02-09 21:24:11',0,0),(536,3,320,'','','','col-sm-12','','','',0,1,25,0,'2014-02-09 21:28:49','2014-02-09 21:28:49',0,0),(537,2,321,'','','','col-sm-12','','','',0,1,25,0,'2014-02-09 21:29:13','2014-02-09 21:29:13',0,0),(538,2,322,'','','','col-sm-12','','','',0,1,25,0,'2014-02-09 21:30:03','2014-02-09 21:30:03',0,0),(539,3,323,'','','','col-sm-12','','','',0,1,25,0,'2014-02-09 21:30:20','2014-02-09 21:30:20',0,0),(540,2,324,'','','','col-sm-12','','','',0,1,25,0,'2014-02-09 21:37:08','2014-02-09 21:37:08',0,0),(541,2,325,'','','','col-sm-12','','','',0,1,25,0,'2014-02-09 21:38:07','2014-02-09 21:38:07',0,0),(542,1,326,'','','','col-sm-12','','','',0,1,25,0,'2014-02-09 21:41:48','2014-02-09 21:41:48',0,0),(543,2,327,'','','','col-sm-12','','','',0,1,25,0,'2014-02-09 21:42:45','2014-02-09 21:42:45',0,0),(544,1,327,'','Especifique','','col-sm-12 marginTop','','','',0,1,25,0,'2014-02-09 21:42:52','2014-02-09 21:42:52',0,0),(545,1,328,'','Contratos','','col-sm-6','','','',0,1,25,0,'2014-02-09 21:43:08','2014-02-09 21:43:08',0,0),(546,1,328,'','Convênios','','col-sm-6','','','',0,1,25,0,'2014-02-09 21:43:15','2014-02-09 21:43:15',0,0),(548,3,329,'','','','col-sm-12','','','',0,1,25,0,'2014-02-09 21:43:46','2014-02-09 21:45:11',0,0),(549,3,330,'','','','col-sm-12','','','',0,1,25,0,'2014-02-09 21:43:53','2014-02-09 21:45:58',0,0),(550,2,331,'','','','col-sm-12','','','',0,1,25,0,'2014-02-09 21:44:00','2014-02-09 21:47:06',0,0),(551,1,332,'','','','col-sm-12','','','',0,1,25,0,'2014-02-09 21:44:06','2014-02-09 21:44:06',0,0),(552,1,333,'','','','col-sm-12','','','',0,1,25,0,'2014-02-09 21:48:00','2014-02-09 21:48:00',0,0),(553,1,334,'','','','col-sm-12','','','',0,1,25,0,'2014-02-09 21:48:08','2014-02-09 21:48:08',0,0),(554,2,335,'','','','col-sm-12','','','',0,1,25,0,'2014-02-09 21:48:39','2014-02-09 21:48:39',0,0),(555,3,336,'','','','col-sm-12','','','',0,1,25,0,'2014-02-09 21:49:09','2014-02-09 21:49:09',0,0),(556,3,337,'','','','col-sm-12','','','',0,1,25,0,'2014-02-09 21:49:22','2014-02-09 21:49:22',0,0),(557,3,338,'','','','col-sm-12','','','',0,1,25,0,'2014-02-09 21:49:33','2014-02-09 21:49:33',0,0),(558,3,339,'','','','col-sm-12','','','',0,1,25,0,'2014-02-09 21:49:46','2014-02-09 21:49:46',0,0),(559,2,340,'','','','col-sm-12','','','',0,1,25,0,'2014-02-09 21:50:17','2014-02-09 21:50:17',0,0),(560,3,341,'','','','col-sm-12','','','',0,1,25,0,'2014-02-09 21:50:28','2014-02-09 21:50:28',0,0),(561,2,342,'','','','col-sm-12','','','',0,1,25,0,'2014-02-09 21:51:03','2014-02-09 21:51:03',0,0),(562,3,343,'','','','col-sm-12','','','',0,1,25,0,'2014-02-09 22:05:05','2014-02-09 22:05:05',0,0),(563,1,344,'','','','col-sm-12','','','',0,1,25,0,'2014-02-09 22:05:15','2014-02-09 22:05:15',0,0),(564,3,345,'','','','col-sm-12','','','',0,1,25,0,'2014-02-09 22:56:13','2014-02-09 22:56:13',0,0),(565,3,346,'','','','col-sm-12','','','',0,1,25,0,'2014-02-09 22:56:37','2014-02-09 22:56:37',0,0),(566,1,347,'','','','col-sm-12','','','',0,1,25,0,'2014-02-09 22:56:46','2014-02-09 22:56:46',0,0),(567,2,348,'','','','col-sm-12','','','',0,1,25,0,'2014-02-09 22:57:25','2014-02-09 22:57:25',0,0),(568,3,349,'','','','col-sm-12','','','',0,1,25,0,'2014-02-09 22:57:48','2014-02-09 22:57:48',0,0),(582,1,351,'','Próprio','','col-sm-6','','','',0,1,25,0,'2014-02-09 23:33:43','2014-02-09 23:33:43',0,0),(583,1,351,'','Cedido/Emprestado','','col-sm-6','','','',0,1,25,0,'2014-02-09 23:33:49','2014-02-09 23:33:49',0,0),(584,1,352,'','Próprio','','col-sm-6','','','',0,1,25,0,'2014-02-09 23:35:00','2014-02-09 23:35:00',0,0),(585,1,352,'','Cedido/Emprestado','','col-sm-6','','','',0,1,25,0,'2014-02-09 23:35:09','2014-02-09 23:35:09',0,0),(586,1,353,'','Próprio','','col-sm-6','','','',0,1,25,0,'2014-02-09 23:35:29','2014-02-09 23:35:29',0,0),(587,1,353,'','Cedido/Emprestado','','col-sm-6','','','',0,1,25,0,'2014-02-09 23:36:28','2014-02-09 23:36:28',0,0),(588,1,354,'','Próprio','','col-sm-6','','','',0,1,25,0,'2014-02-09 23:36:39','2014-02-09 23:36:39',0,0),(589,1,354,'','Cedido/Emprestado','','col-sm-6','','','',0,1,25,0,'2014-02-09 23:36:44','2014-02-09 23:36:44',0,0),(590,1,355,'','Próprio','','col-sm-6','','','',0,1,25,0,'2014-02-09 23:36:55','2014-02-09 23:36:55',0,0),(591,1,355,'','Cedido/Emprestado','','col-sm-6','','','',0,1,25,0,'2014-02-09 23:37:03','2014-02-09 23:37:03',0,0),(592,1,356,'','Próprio','','col-sm-6','','','',0,1,25,0,'2014-02-09 23:37:13','2014-02-09 23:37:13',0,0),(593,1,356,'','Cedido/Emprestado','','col-sm-6','','','',0,1,25,0,'2014-02-09 23:37:21','2014-02-09 23:37:21',0,0),(594,1,357,'','Próprio','','col-sm-6','','','',0,1,25,0,'2014-02-09 23:37:30','2014-02-09 23:37:30',0,0),(595,1,357,'','Cedido/Emprestado','','col-sm-6','','','',0,1,25,0,'2014-02-09 23:37:36','2014-02-09 23:37:36',0,0),(596,1,358,'','Próprio','','col-sm-6','','','',0,1,25,0,'2014-02-09 23:37:48','2014-02-09 23:37:48',0,0),(597,1,358,'','Cedido/Emprestado','','col-sm-6','','','',0,1,25,0,'2014-02-09 23:37:54','2014-02-09 23:37:54',0,0),(598,1,359,'','Próprio','','col-sm-6','','','',0,1,25,0,'2014-02-09 23:38:05','2014-02-09 23:38:05',0,0),(599,1,359,'','Cedido/Emprestado','','col-sm-6','','','',0,1,25,0,'2014-02-09 23:38:11','2014-02-09 23:38:11',0,0),(600,1,360,'','Próprio','','col-sm-6','','','',0,1,25,0,'2014-02-09 23:38:20','2014-02-09 23:38:20',0,0),(601,1,360,'','Cedido/Emprestado','','col-sm-6','','','',0,1,25,0,'2014-02-09 23:38:27','2014-02-09 23:38:27',0,0),(602,1,361,'','Próprio','','col-sm-6','','','',0,1,25,0,'2014-02-09 23:38:37','2014-02-09 23:38:37',0,0),(603,1,361,'','Cedido/Emprestado','','col-sm-6','','','',0,1,25,0,'2014-02-09 23:38:43','2014-02-09 23:38:43',0,0),(604,1,362,'','Próprio','','col-sm-6','','','',0,1,25,0,'2014-02-09 23:38:53','2014-02-09 23:38:53',0,0),(605,1,362,'','Cedido/Emprestado','','col-sm-6','','','',0,1,25,0,'2014-02-09 23:38:58','2014-02-09 23:38:58',0,0),(606,1,363,'','Próprio','','col-sm-6','','','',0,1,25,0,'2014-02-09 23:39:07','2014-02-09 23:39:07',0,0),(607,1,363,'','Cedido/Emprestado','','col-sm-6','','','',0,1,25,0,'2014-02-09 23:39:11','2014-02-09 23:39:11',0,0),(608,1,364,'','Próprio','','col-sm-6','','','',0,1,25,0,'2014-02-09 23:39:23','2014-02-09 23:39:23',0,0),(609,1,364,'','Cedido/Emprestado','','col-sm-6','','','',0,1,25,0,'2014-02-09 23:39:28','2014-02-09 23:39:28',0,0),(610,1,365,'','Próprio','','col-sm-6','','','',0,1,25,0,'2014-02-09 23:39:39','2014-02-09 23:39:39',0,0),(611,1,365,'','Cedido/Emprestado','','col-sm-6','','','',0,1,25,0,'2014-02-09 23:39:44','2014-02-09 23:39:44',0,0),(612,1,366,'','Próprio','','col-sm-6','','','',0,1,25,0,'2014-02-09 23:39:55','2014-02-09 23:39:55',0,0),(613,1,366,'','Cedido/Emprestado','','col-sm-6','','','',0,1,25,0,'2014-02-09 23:40:00','2014-02-09 23:40:00',0,0),(614,1,367,'','Próprio','','col-sm-6','','','',0,1,25,0,'2014-02-09 23:40:10','2014-02-09 23:40:10',0,0),(615,1,367,'','Cedido/Emprestado','','col-sm-6','','','',0,1,25,0,'2014-02-09 23:40:17','2014-02-09 23:40:17',0,0),(616,1,367,'','Próprio','','col-sm-6','','','',0,1,25,0,'2014-02-09 23:40:34','2014-02-09 23:40:34',0,0),(617,1,367,'','Cedido/Emprestado','','col-sm-6','','','',0,1,25,0,'2014-02-09 23:40:42','2014-02-09 23:40:42',0,0),(618,1,368,'','Próprio','','col-sm-6','','','',0,1,25,0,'2014-02-09 23:40:55','2014-02-09 23:40:55',0,0),(619,1,368,'','Cedido/Emprestado','','col-sm-6','','','',0,1,25,0,'2014-02-09 23:41:04','2014-02-09 23:41:04',0,0),(620,1,369,'','Próprio','','col-sm-6','','','',0,1,25,0,'2014-02-09 23:41:20','2014-02-09 23:41:20',0,0),(621,1,369,'','Cedido/Emprestado','','col-sm-6','','','',0,1,25,0,'2014-02-09 23:41:27','2014-02-09 23:41:27',0,0),(624,1,370,'','Próprio','','col-sm-6','','','',0,1,25,0,'2014-02-09 23:42:20','2014-02-09 23:42:20',0,0),(625,1,370,'','Cedido/Emprestado','','col-sm-6','','','',0,1,25,0,'2014-02-09 23:42:26','2014-02-09 23:42:26',0,0),(626,1,371,'','Próprio','','col-sm-6','','','',0,1,25,0,'2014-02-09 23:42:36','2014-02-09 23:42:36',0,0),(627,1,371,'','Cedido/Emprestado','','col-sm-6','','','',0,1,25,0,'2014-02-09 23:42:41','2014-02-09 23:42:41',0,0),(628,1,373,'','Coletados','Kg/mês','col-sm-4','','','',0,1,25,0,'2014-02-09 23:47:58','2014-02-09 23:47:58',0,0),(629,1,373,'','Vendido','Kg/mês','col-sm-4','','','',0,1,25,0,'2014-02-09 23:48:20','2014-02-09 23:48:20',0,0),(630,1,373,'','Rejeito','Kg/mês','col-sm-4','','','',0,1,25,0,'2014-02-09 23:48:29','2014-02-09 23:48:29',0,0),(631,1,374,'','Coletados','Kg/mês','col-sm-4','','','',0,1,25,0,'2014-02-09 23:50:03','2014-02-09 23:50:03',0,0),(632,1,374,'','Vendido','Kg/mês','col-sm-4','','','',0,1,25,0,'2014-02-09 23:50:13','2014-02-09 23:50:13',0,0),(633,1,374,'','Rejeito','Kg/mês','col-sm-4','','','',0,1,25,0,'2014-02-09 23:50:21','2014-02-09 23:50:21',0,0),(634,1,375,'','Coletados','Kg/mês','col-sm-4','','','',0,1,25,0,'2014-02-09 23:51:49','2014-02-09 23:51:49',0,0),(635,1,375,'','Vendido','Kg/mês','col-sm-4','','','',0,1,25,0,'2014-02-09 23:51:56','2014-02-09 23:51:56',0,0),(636,1,375,'','Rejeito','Kg/mês','col-sm-4','','','',0,1,25,0,'2014-02-09 23:52:07','2014-02-09 23:52:07',0,0),(637,1,376,'','Coletados','Kg/mês','col-sm-4','','','',0,1,25,0,'2014-02-09 23:52:27','2014-02-09 23:52:27',0,0),(639,1,376,'','Vendido','Kg/mês','col-sm-4','','','',0,1,25,0,'2014-02-09 23:54:41','2014-02-09 23:54:41',0,0),(640,1,376,'','Rejeito','Kg/mês','col-sm-4','','','',0,1,25,0,'2014-02-09 23:54:48','2014-02-09 23:54:48',0,0),(641,1,377,'','Coletados','Kg/mês','col-sm-4','','','',0,1,25,0,'2014-02-09 23:55:01','2014-02-09 23:55:01',0,0),(642,1,377,'','Vendido','Kg/mês','col-sm-4','','','',0,1,25,0,'2014-02-09 23:55:15','2014-02-09 23:55:15',0,0),(643,1,377,'','Rejeito','Kg/mês','col-sm-4','','','',0,1,25,0,'2014-02-09 23:55:23','2014-02-09 23:55:23',0,0),(644,1,378,'','Coletados','Kg/mês','col-sm-4','','','',0,1,25,0,'2014-02-09 23:55:51','2014-02-09 23:55:51',0,0),(645,1,378,'','Vendido','Kg/mês','col-sm-4','','','',0,1,25,0,'2014-02-09 23:56:00','2014-02-09 23:56:00',0,0),(646,1,378,'','Rejeito','Kg/mês','col-sm-4','','','',0,1,25,0,'2014-02-09 23:56:09','2014-02-09 23:56:09',0,0),(647,1,379,'','Coletados','Kg/mês','col-sm-4','','','',0,1,25,0,'2014-02-09 23:56:21','2014-02-09 23:56:21',0,0),(648,1,379,'','Vendido','Kg/mês','col-sm-4','','','',0,1,25,0,'2014-02-09 23:56:28','2014-02-09 23:56:28',0,0),(649,1,379,'','Rejeito','Kg/mês','col-sm-4','','','',0,1,25,0,'2014-02-09 23:56:40','2014-02-09 23:56:40',0,0),(653,2,381,'','','','col-sm-12','','','',0,1,25,0,'2014-02-09 23:58:04','2014-02-09 23:58:04',0,0),(654,2,382,'','','','col-sm-12','','','',0,1,25,0,'2014-02-09 23:58:33','2014-02-09 23:58:33',0,0),(655,3,383,'','','','col-sm-12','','','',0,1,25,0,'2014-02-09 23:58:57','2014-02-09 23:58:57',0,0),(656,1,383,'','Especifique','','col-sm-12 marginTop','','','',0,1,25,0,'2014-02-09 23:59:03','2014-02-09 23:59:03',0,0),(657,1,380,'','Coletados','Kg/mês','col-sm-4','','','',0,1,25,0,'2014-02-10 00:01:33','2014-02-10 00:01:33',0,0),(658,1,380,'','Vendido','Kg/mês','col-sm-4','','','',0,1,25,0,'2014-02-10 00:01:41','2014-02-10 00:01:41',0,0),(659,1,380,'','Rejeito','Kg/mês','col-sm-4','','','',0,1,25,0,'2014-02-10 00:01:48','2014-02-10 00:01:48',0,0),(660,1,418,'','Contratos','','col-sm-6','','','',0,1,25,0,'2014-02-10 21:00:28','2014-02-10 21:00:28',0,0),(661,1,418,'','Convênio','','col-sm-6','','','',0,1,25,0,'2014-02-10 21:00:35','2014-02-10 21:00:35',0,0),(662,1,419,'','','','col-sm-12','','','',0,1,25,0,'2014-02-10 21:00:47','2014-02-10 21:00:47',0,0),(663,1,420,'','','','col-sm-12','','','',0,1,25,0,'2014-02-10 21:00:53','2014-02-10 21:00:53',0,0),(664,1,421,'','','','col-sm-12','','','',0,1,25,0,'2014-02-10 21:00:59','2014-02-10 21:00:59',0,0),(665,1,423,'','Coletados','Kg/mês','col-sm-4','','','',0,1,25,0,'2014-02-10 21:05:11','2014-02-10 21:05:11',0,0),(666,1,423,'','Vendido','Kg/mês','col-sm-4','','','',0,1,25,0,'2014-02-10 21:05:18','2014-02-10 21:05:18',0,0),(667,1,423,'','Rejeito','Kg/mês','col-sm-4','','','',0,1,25,0,'2014-02-10 21:05:24','2014-02-10 21:05:24',0,0),(668,1,424,'','Coletados','Kg/mês','col-sm-4','','','',0,1,25,0,'2014-02-10 21:05:41','2014-02-10 21:05:41',0,0),(669,1,424,'','Vendido','Kg/mês','col-sm-4','','','',0,1,25,0,'2014-02-10 21:05:49','2014-02-10 21:05:49',0,0),(670,1,424,'','Rejeito','Kg/mês','col-sm-4','','','',0,1,25,0,'2014-02-10 21:05:55','2014-02-10 21:05:55',0,0),(671,1,425,'','Coletados','Kg/mês','col-sm-4','','','',0,1,25,0,'2014-02-10 21:06:11','2014-02-10 21:06:11',0,0),(672,1,425,'','Vendido','Kg/mês','col-sm-4','','','',0,1,25,0,'2014-02-10 21:06:17','2014-02-10 21:06:17',0,0),(673,1,425,'','Rejeito','Kg/mês','col-sm-4','','','',0,1,25,0,'2014-02-10 21:06:24','2014-02-10 21:06:24',0,0),(674,1,426,'','Coletados','Kg/mês','col-sm-4','','','',0,1,25,0,'2014-02-10 21:06:35','2014-02-10 21:06:35',0,0),(675,1,426,'','Vendido','Kg/mês','col-sm-4','','','',0,1,25,0,'2014-02-10 21:06:42','2014-02-10 21:06:42',0,0),(676,1,426,'','Rejeito','Kg/mês','col-sm-4','','','',0,1,25,0,'2014-02-10 21:06:49','2014-02-10 21:06:49',0,0),(677,1,427,'','Coletados','Kg/mês','col-sm-4','','','',0,1,25,0,'2014-02-10 21:07:11','2014-02-10 21:07:11',0,0),(678,1,427,'','Vendido','Kg/mês','col-sm-4','','','',0,1,25,0,'2014-02-10 21:07:18','2014-02-10 21:07:18',0,0),(679,1,427,'','Rejeito','Kg/mês','col-sm-4','','','',0,1,25,0,'2014-02-10 21:07:24','2014-02-10 21:07:24',0,0),(680,1,428,'','Coletados','Kg/mês','col-sm-4','','','',0,1,25,0,'2014-02-10 21:07:34','2014-02-10 21:07:34',0,0),(681,1,428,'','Vendido','Kg/mês','col-sm-4','','','',0,1,25,0,'2014-02-10 21:07:41','2014-02-10 21:07:41',0,0),(682,1,428,'','Rejeito','Kg/mês','col-sm-4','','','',0,1,25,0,'2014-02-10 21:07:48','2014-02-10 21:07:48',0,0),(683,1,429,'','Coletados','Kg/mês','col-sm-4','','','',0,1,25,0,'2014-02-10 21:08:24','2014-02-10 21:08:24',0,0),(684,1,429,'','Vendido','Kg/mês','col-sm-4','','','',0,1,25,0,'2014-02-10 21:08:29','2014-02-10 21:08:29',0,0),(685,1,429,'','Rejeito','Kg/mês','col-sm-4','','','',0,1,25,0,'2014-02-10 21:08:35','2014-02-10 21:08:35',0,0),(686,1,430,'','Coletados','Kg/mês','col-sm-4','','','',0,1,25,0,'2014-02-10 21:08:44','2014-02-10 21:08:44',0,0),(687,1,430,'','Vendido','Kg/mês','col-sm-4','','','',0,1,25,0,'2014-02-10 21:08:50','2014-02-10 21:08:50',0,0),(688,1,430,'','Rejeito','Kg/mês','col-sm-4','','','',0,1,25,0,'2014-02-10 21:08:57','2014-02-10 21:08:57',0,0),(689,2,432,'','','','col-sm-12','','','',0,1,25,0,'2014-02-10 21:12:52','2014-02-10 21:12:52',0,0),(690,1,432,'','Valor médio do KG','','col-sm-6 marginTop','','','',0,1,25,0,'2014-02-10 21:13:05','2014-02-10 21:13:48',0,0),(691,4,432,'','Frequência de venda','','col-sm-6 marginTop','','','',0,1,25,0,'2014-02-10 21:13:41','2014-02-10 21:13:41',0,0),(692,2,433,'','','','col-sm-12','','','',0,1,25,0,'2014-02-10 21:14:50','2014-02-10 21:14:50',0,0),(693,1,433,'','Valor médio do KG','','col-sm-6 marginTop','','','',0,1,25,0,'2014-02-10 21:15:00','2014-02-10 21:19:14',0,0),(694,4,433,'','Frequência de venda','','col-sm-6 marginTop','','','',0,1,25,0,'2014-02-10 21:15:22','2014-02-10 21:19:18',0,0),(695,2,434,'','','','col-sm-12','','','',0,1,25,0,'2014-02-10 21:15:46','2014-02-10 21:15:46',0,0),(696,1,434,'','Valor médio do KG','','col-sm-6 marginTop','','','',0,1,25,0,'2014-02-10 21:15:52','2014-02-10 21:19:41',0,0),(697,4,434,'','Frequência de venda','','col-sm-6 marginTop','','','',0,1,25,0,'2014-02-10 21:16:12','2014-02-10 21:19:44',0,0),(698,2,435,'','','','col-sm-12','','','',0,1,25,0,'2014-02-10 21:18:00','2014-02-10 21:18:00',0,0),(699,1,435,'','Valor médio do KG','','col-sm-6 marginTop','','','',0,1,25,0,'2014-02-10 21:18:14','2014-02-10 21:18:14',0,0),(700,4,435,'','Frequência de venda','','col-sm-6 marginTop','','','',0,1,25,0,'2014-02-10 21:18:43','2014-02-10 21:18:43',0,0),(701,2,436,'','','','col-sm-12','','','',0,1,25,0,'2014-02-10 21:20:31','2014-02-10 21:20:31',0,0),(702,1,436,'','Valor médio do KG','','col-sm-6 marginTop','','','',0,1,25,0,'2014-02-10 21:20:42','2014-02-10 21:20:42',0,0),(703,1,436,'','Frequência de venda','','col-sm-6 marginTop','','','',0,1,25,0,'2014-02-10 21:21:04','2014-02-10 21:21:04',0,0),(704,2,437,'','','','col-sm-12','','','',0,1,25,0,'2014-02-10 21:21:36','2014-02-10 21:21:36',0,0),(705,1,437,'','Valor médio do KG','','col-sm-6 marginTop','','','',0,1,25,0,'2014-02-10 21:21:46','2014-02-10 21:21:46',0,0),(706,4,437,'','Frequência de venda','','col-sm-6 marginTop','','','',0,1,25,0,'2014-02-10 21:22:08','2014-02-10 21:22:08',0,0),(707,2,438,'','','','col-sm-12','','','',0,1,25,0,'2014-02-10 21:22:24','2014-02-10 21:22:24',0,0),(708,1,438,'','Valor médio do KG','','col-sm-6 marginTop','','','',0,1,25,0,'2014-02-10 21:22:34','2014-02-10 21:22:34',0,0),(709,4,438,'','Frequência de venda','','col-sm-6 marginTop','','','',0,1,25,0,'2014-02-10 21:22:57','2014-02-10 21:22:57',0,0),(710,2,439,'','','','col-sm-12','','','',0,1,25,0,'2014-02-10 21:23:20','2014-02-10 21:23:20',0,0),(711,1,439,'','Valor médio do KG','','col-sm-6 marginTop','','','',0,1,25,0,'2014-02-10 21:23:30','2014-02-10 21:23:30',0,0),(712,4,439,'','Frequência de venda','','col-sm-6 marginTop','','','',0,1,25,0,'2014-02-10 21:23:58','2014-02-10 21:23:58',0,0),(713,1,440,'','','','col-sm-12','','','',1,1,25,0,'2014-02-10 22:02:35','2014-02-10 22:02:35',0,0),(714,1,441,'','','','col-sm-12','','county.code','',0,1,25,1,'2014-02-10 22:03:19','2014-02-10 22:03:40',0,0),(715,1,442,'','','','col-sm-12','county_code','','/counties.json?code={value}',0,1,25,1,'2014-02-10 22:03:28','2014-02-10 22:03:53',0,0),(716,1,443,'','','Toneladas','col-sm-12','','','',0,1,25,0,'2014-02-10 22:05:51','2014-02-10 22:05:51',0,0),(717,1,444,'','','Toneladas','col-sm-12','','','',0,1,25,0,'2014-02-10 22:05:58','2014-02-10 22:05:58',0,0),(719,1,445,'','Vazadouro a céu aberto (lixão)','','col-sm-11 col-sm-offset-1','','','',0,1,25,0,'2014-02-10 22:06:49','2014-02-10 22:10:33',0,0),(720,1,445,'','Vazadouro em áreas alagadas ou alagáveis','','col-sm-11 col-sm-offset-1 marginTop','','','',0,1,25,0,'2014-02-10 22:07:04','2014-02-10 22:11:17',0,0),(721,1,445,'','Aterro controlado','','col-sm-11 col-sm-offset-1 marginTop','','','',0,1,25,0,'2014-02-10 22:07:12','2014-02-10 22:11:29',0,0),(722,1,445,'','Aterro sanitário','','col-sm-11 col-sm-offset-1 marginTop','','','',0,1,25,0,'2014-02-10 22:07:20','2014-02-10 22:11:33',0,0),(723,1,445,'','Unidade de compostagem de resíduos orgânicos','','col-sm-11 col-sm-offset-1 marginTop','','','',0,1,25,0,'2014-02-10 22:07:29','2014-02-10 22:11:36',0,0),(724,1,445,'','Unidade de triagem de resíduos recicláveis','','col-sm-11 col-sm-offset-1 marginTop','','','',0,1,25,0,'2014-02-10 22:07:38','2014-02-10 22:11:40',0,0),(725,1,445,'','Unidade de tratamento por incineração','','col-sm-11 col-sm-offset-1 marginTop','','','',0,1,25,0,'2014-02-10 22:08:05','2014-02-10 22:11:43',0,0),(726,1,447,'','','','col-sm-12','','','',0,1,25,0,'2014-02-10 22:14:41','2014-02-10 22:14:41',0,0),(727,1,448,'','','','col-sm-12','','','',0,1,25,0,'2014-02-10 22:14:48','2014-02-10 22:14:48',0,0),(728,1,449,'','','','col-sm-12','','','',0,1,25,0,'2014-02-10 22:14:54','2014-02-10 22:14:54',0,0),(729,1,451,'','','','col-sm-12','','','',0,1,25,0,'2014-02-10 22:15:04','2014-02-10 22:15:04',0,0),(730,1,452,'','','','col-sm-12','','','',0,1,25,0,'2014-02-10 22:15:10','2014-02-10 22:15:10',0,0),(731,1,453,'','','','col-sm-12','','','',0,1,25,0,'2014-02-10 22:15:16','2014-02-10 22:15:16',0,0),(732,3,384,'','','','col-sm-12','','','',0,1,25,0,'2014-02-10 22:17:32','2014-02-10 22:17:32',0,0),(733,2,386,'','','','col-sm-12','','','',0,1,25,0,'2014-02-10 22:18:41','2014-02-10 22:25:20',0,0),(734,1,386,'','Valor médio do KG','','col-sm-6 marginTop','','','',0,1,25,0,'2014-02-10 22:18:50','2014-02-10 22:18:50',0,0),(735,4,386,'','Frequência de venda','','col-sm-6 marginTop','','','',0,1,25,0,'2014-02-10 22:19:12','2014-02-10 22:19:12',0,0),(736,2,387,'','','','col-sm-12','','','',0,1,25,0,'2014-02-10 22:19:30','2014-02-10 22:19:30',0,0),(737,1,387,'','Valor médio do KG','','col-sm-6 marginTop','','','',0,1,25,0,'2014-02-10 22:19:38','2014-02-10 22:19:38',0,0),(738,4,387,'','Frequência de venda','','col-sm-6 marginTop','','','',0,1,25,0,'2014-02-10 22:20:01','2014-02-10 22:20:01',0,0),(739,2,388,'','','','col-sm-12','','','',0,1,25,0,'2014-02-10 22:20:15','2014-02-10 22:20:15',0,0),(740,1,388,'','Valor médio do KG','','col-sm-6 marginTop','','','',0,1,25,0,'2014-02-10 22:20:23','2014-02-10 22:20:23',0,0),(741,1,388,'','Frequência de venda','','col-sm-6 marginTop','','','',0,1,25,0,'2014-02-10 22:20:52','2014-02-10 22:20:52',0,0),(742,2,389,'','','','col-sm-12','','','',0,1,25,0,'2014-02-10 22:21:08','2014-02-10 22:21:08',0,0),(743,1,389,'','Valor médio do KG','','col-sm-6 marginTop','','','',0,1,25,0,'2014-02-10 22:21:16','2014-02-10 22:21:16',0,0),(744,4,389,'','Frequência de venda','','col-sm-6 marginTop','','','',0,1,25,0,'2014-02-10 22:21:37','2014-02-10 22:21:37',0,0),(745,2,390,'','','','col-sm-12','','','',0,1,25,0,'2014-02-10 22:21:52','2014-02-10 22:21:52',0,0),(746,1,390,'','Valor médio do KG','','col-sm-6 marginTop','','','',0,1,25,0,'2014-02-10 22:22:01','2014-02-10 22:22:01',0,0),(747,1,390,'','Frequência de venda','','col-sm-6 marginTop','','','',0,1,25,0,'2014-02-10 22:22:18','2014-02-10 22:22:18',0,0),(748,2,391,'','','','col-sm-12','','','',0,1,25,0,'2014-02-10 22:22:33','2014-02-10 22:22:33',0,0),(749,1,391,'','Valor médio do KG','','col-sm-6 marginTop','','','',0,1,25,0,'2014-02-10 22:22:39','2014-02-10 22:22:39',0,0),(750,4,391,'','Frequência de venda','','col-sm-6 marginTop','','','',0,1,25,0,'2014-02-10 22:23:00','2014-02-10 22:23:00',0,0),(751,2,392,'','','','col-sm-12','','','',0,1,25,0,'2014-02-10 22:23:34','2014-02-10 22:23:34',0,0),(752,1,392,'','Valor médio do KG','','col-sm-6 marginTop','','','',0,1,25,0,'2014-02-10 22:23:41','2014-02-10 22:23:41',0,0),(753,4,392,'','Frequência de venda','','col-sm-6 marginTop','','','',0,1,25,0,'2014-02-10 22:24:05','2014-02-10 22:24:05',0,0),(754,2,393,'','','','col-sm-12','','','',0,1,25,0,'2014-02-10 22:24:19','2014-02-10 22:24:19',0,0),(755,1,393,'','Valor médio do KG','','col-sm-6 marginTop','','','',0,1,25,0,'2014-02-10 22:24:25','2014-02-10 22:24:25',0,0),(756,4,393,'','Frequência de venda','','col-sm-6 marginTop','','','',0,1,25,0,'2014-02-10 22:24:47','2014-02-10 22:24:47',0,0),(757,3,394,'','','','col-sm-12','','','',0,1,25,0,'2014-02-10 22:25:47','2014-02-10 22:25:47',0,0),(758,2,395,'','','','col-sm-12','','','',0,1,25,0,'2014-02-10 22:27:01','2014-02-10 22:27:01',0,0),(759,1,395,'','Especifique','','col-sm-12 marginTop','','','',0,1,25,0,'2014-02-10 22:27:09','2014-02-10 22:27:09',0,0),(760,1,396,'','','h','col-sm-12','','','',0,1,25,0,'2014-02-10 22:27:50','2014-02-10 22:35:46',0,0),(761,3,397,'','','','col-sm-12','','','',0,1,25,0,'2014-02-10 22:28:02','2014-02-10 22:28:02',0,0),(762,2,398,'','','','col-sm-12','','','',0,1,25,0,'2014-02-10 22:28:38','2014-02-10 22:28:38',0,0),(763,1,398,'','Especifique:','','col-sm-12 marginTop','','','',0,1,25,0,'2014-02-10 22:28:46','2014-02-10 22:28:46',0,0),(764,1,399,'','','Casos','col-sm-12','','','',0,1,25,0,'2014-02-10 22:28:59','2014-02-10 22:28:59',0,0),(765,1,400,'','','Casos','col-sm-12','','','',0,1,25,0,'2014-02-10 22:29:08','2014-02-10 22:29:08',0,0),(766,1,401,'','','Casos','col-sm-12','','','',0,1,25,0,'2014-02-10 22:29:15','2014-02-10 22:29:15',0,0),(767,3,402,'','','','col-sm-12','','','',0,1,25,0,'2014-02-10 22:37:35','2014-02-10 22:37:35',0,0),(768,3,403,'','','','col-sm-12','','','',0,1,25,0,'2014-02-10 22:38:20','2014-02-10 22:38:20',0,0),(769,3,404,'','','','col-sm-12','','','',0,1,25,0,'2014-02-10 22:39:00','2014-02-10 22:39:00',0,0),(770,3,405,'','','','col-sm-12','','','',0,1,25,0,'2014-02-10 22:39:34','2014-02-10 22:42:47',0,0),(771,3,406,'','','','col-sm-12','','','',0,1,25,0,'2014-02-10 22:39:47','2014-02-10 22:39:47',0,0),(772,3,407,'','','','col-sm-12','','','',0,1,25,0,'2014-02-10 22:40:22','2014-02-10 22:40:22',0,0),(773,3,408,'','','','col-sm-12','','','',0,1,25,0,'2014-02-10 22:40:57','2014-02-10 22:40:57',0,0),(774,3,409,'','','','col-sm-12','','','',0,1,25,0,'2014-02-10 22:42:19','2014-02-10 22:42:19',0,0),(775,3,410,'','','','col-sm-12','','','',0,1,25,0,'2014-02-10 22:46:44','2014-02-10 22:46:44',0,0),(776,3,411,'','','','col-sm-12','','','',0,1,25,0,'2014-02-10 22:47:18','2014-02-10 22:47:18',0,0),(777,3,412,'','','','col-sm-12','','','',0,1,25,0,'2014-02-10 23:41:32','2014-02-10 23:41:32',0,0),(778,3,413,'','','','col-sm-12','','','',0,1,25,0,'2014-02-10 23:42:19','2014-02-10 23:42:19',0,0),(779,3,414,'','','','col-sm-12','','','',0,1,25,0,'2014-02-10 23:42:40','2014-02-10 23:42:40',0,0),(780,3,415,'','','','col-sm-12','','','',0,1,25,0,'2014-02-10 23:43:24','2014-02-10 23:43:24',0,0),(781,3,416,'','','','col-sm-12','','','',0,1,25,0,'2014-02-10 23:43:51','2014-02-10 23:43:51',0,0),(782,3,417,'','','','col-sm-12','','','',0,1,25,0,'2014-02-10 23:44:41','2014-02-10 23:44:41',0,0);
/*!40000 ALTER TABLE `answers` ENABLE KEYS */;
UNLOCK TABLES;

--
-- Table structure for table `card_answers`
--

DROP TABLE IF EXISTS `card_answers`;
/*!40101 SET @saved_cs_client     = @@character_set_client */;
/*!40101 SET character_set_client = utf8 */;
CREATE TABLE `card_answers` (
  `id` int(11) NOT NULL AUTO_INCREMENT,
  `value` varchar(255) DEFAULT NULL,
  `card_question_id` int(11) DEFAULT NULL,
  `answer_id` int(11) DEFAULT NULL,
  `created_at` datetime DEFAULT NULL,
  `updated_at` datetime DEFAULT NULL,
  PRIMARY KEY (`id`),
  KEY `index_card_answers_on_answer_id` (`answer_id`),
  KEY `index_card_answers_on_card_question_id` (`card_question_id`)
) ENGINE=InnoDB AUTO_INCREMENT=525 DEFAULT CHARSET=utf8;
/*!40101 SET character_set_client = @saved_cs_client */;

--
-- Dumping data for table `card_answers`
--

LOCK TABLES `card_answers` WRITE;
/*!40000 ALTER TABLE `card_answers` DISABLE KEYS */;
INSERT INTO `card_answers` VALUES (212,'',99,169,'2013-11-26 12:25:09','2013-11-26 12:25:09'),(213,'fasdfasdf',100,182,'2013-11-26 12:25:09','2013-11-26 12:25:09'),(214,'asdfasddf',101,182,'2013-11-26 12:25:09','2013-11-26 12:25:09'),(215,'fasdfasdfasdfsa',102,182,'2013-11-26 12:25:09','2013-11-26 12:25:09'),(217,'tesasdfsda ads falsdskadf',104,2,'2013-12-05 21:45:23','2013-12-05 21:45:23'),(218,'3304557',105,3,'2013-12-05 21:45:23','2013-12-05 21:45:23'),(219,'Rio de Janeiro',106,4,'2013-12-05 21:45:23','2013-12-05 21:45:23'),(220,'00.000.000/0000-00',107,5,'2013-12-05 21:45:23','2013-12-05 21:45:23'),(221,'LOGRADOURO',109,7,'2013-12-05 21:45:23','2013-12-05 21:45:23'),(222,'NUMERO',110,8,'2013-12-05 21:45:23','2013-12-05 21:45:23'),(223,'COMPLEMENTO',111,9,'2013-12-05 21:45:23','2013-12-05 21:45:23'),(224,'Bairro',112,10,'2013-12-05 21:45:23','2013-12-05 21:45:23'),(225,'0',114,11,'2013-12-05 21:45:23','2013-12-05 21:45:23'),(226,'0',115,12,'2013-12-05 21:45:23','2013-12-05 21:45:23'),(227,'0',116,13,'2013-12-05 21:45:23','2013-12-05 21:45:23'),(228,'0',117,14,'2013-12-05 21:45:23','2013-12-05 21:45:23'),(229,'0',118,15,'2013-12-05 21:45:23','2013-12-05 21:45:23'),(230,'fasdh',120,16,'2013-12-05 21:45:23','2013-12-05 21:45:23'),(231,'jh',121,17,'2013-12-05 21:45:23','2013-12-05 21:45:23'),(232,'h',122,18,'2013-12-05 21:45:23','2013-12-05 21:45:23'),(233,'hj',123,19,'2013-12-05 21:45:23','2013-12-05 21:45:23'),(234,'h',124,20,'2013-12-05 21:45:23','2013-12-05 21:45:23'),(235,NULL,125,21,'2013-12-05 21:45:23','2013-12-05 21:45:23'),(236,'jk',126,22,'2013-12-05 21:45:23','2013-12-05 21:45:23'),(237,NULL,127,23,'2013-12-05 21:45:23','2013-12-05 21:45:23'),(238,'hkj',128,24,'2013-12-05 21:45:23','2013-12-05 21:45:23'),(239,NULL,129,25,'2013-12-05 21:45:23','2013-12-05 21:45:23'),(240,'jkh',130,26,'2013-12-05 21:45:23','2013-12-05 21:45:23'),(241,NULL,131,27,'2013-12-05 21:45:23','2013-12-05 21:45:23'),(242,'kjh',132,28,'2013-12-05 21:45:23','2013-12-05 21:45:23'),(243,NULL,133,29,'2013-12-05 21:45:23','2013-12-05 21:45:23'),(244,NULL,134,30,'2013-12-05 21:45:23','2013-12-05 21:45:23'),(245,'jkh',135,31,'2013-12-05 21:45:23','2013-12-05 21:45:23'),(246,NULL,136,32,'2013-12-05 21:45:23','2013-12-05 21:45:23'),(247,'kjh',137,33,'2013-12-05 21:45:23','2013-12-05 21:45:23'),(248,NULL,138,34,'2013-12-05 21:45:23','2013-12-05 21:45:23'),(249,'hjk',139,35,'2013-12-05 21:45:23','2013-12-05 21:45:23'),(250,'hjk',140,36,'2013-12-05 21:45:23','2013-12-05 21:45:23'),(251,'hjk',141,37,'2013-12-05 21:45:23','2013-12-05 21:45:23'),(252,'hjk',142,38,'2013-12-05 21:45:23','2013-12-05 21:45:23'),(253,NULL,143,39,'2013-12-05 21:45:23','2013-12-05 21:45:23'),(254,'hjk',144,40,'2013-12-05 21:45:23','2013-12-05 21:45:23'),(255,'hjk',144,41,'2013-12-05 21:45:23','2013-12-05 21:45:23'),(256,'hjk',144,42,'2013-12-05 21:45:23','2013-12-05 21:45:23'),(257,'hjk',144,43,'2013-12-05 21:45:23','2013-12-05 21:45:23'),(258,'hjk',144,44,'2013-12-05 21:45:23','2013-12-05 21:45:23'),(259,NULL,146,45,'2013-12-05 21:45:23','2013-12-05 21:45:23'),(260,NULL,147,46,'2013-12-05 21:45:23','2013-12-05 21:45:23'),(261,'{:onchange=>nil}',147,46,'2013-12-05 21:45:23','2013-12-05 21:45:23'),(262,'{:onchange=>nil}',147,46,'2013-12-05 21:45:23','2013-12-05 21:45:23'),(263,'{:onchange=>nil}',147,46,'2013-12-05 21:45:23','2013-12-05 21:45:23'),(264,'{:onchange=>nil}',147,46,'2013-12-05 21:45:23','2013-12-05 21:45:23'),(265,NULL,148,47,'2013-12-05 21:45:23','2013-12-05 21:45:23'),(266,NULL,149,48,'2013-12-05 21:45:23','2013-12-05 21:45:23'),(267,'{:onchange=>nil}',149,48,'2013-12-05 21:45:23','2013-12-05 21:45:23'),(268,'{:onchange=>nil}',149,48,'2013-12-05 21:45:23','2013-12-05 21:45:23'),(269,'{:onchange=>nil}',149,48,'2013-12-05 21:45:23','2013-12-05 21:45:23'),(270,'{:onchange=>nil}',149,48,'2013-12-05 21:45:23','2013-12-05 21:45:23'),(271,NULL,150,49,'2013-12-05 21:45:23','2013-12-05 21:45:23'),(272,'',151,50,'2013-12-05 21:45:23','2013-12-05 21:45:23'),(273,'',152,52,'2013-12-05 21:45:23','2013-12-05 21:45:23'),(274,NULL,153,53,'2013-12-05 21:45:23','2013-12-05 21:45:23'),(275,NULL,154,54,'2013-12-05 21:45:23','2013-12-05 21:45:23'),(276,'{:onchange=>nil}',154,54,'2013-12-05 21:45:23','2013-12-05 21:45:23'),(277,'{:onchange=>nil}',154,54,'2013-12-05 21:45:23','2013-12-05 21:45:23'),(278,'{:onchange=>nil}',154,54,'2013-12-05 21:45:23','2013-12-05 21:45:23'),(279,'{:onchange=>nil}',154,54,'2013-12-05 21:45:23','2013-12-05 21:45:23'),(280,'{:onchange=>nil}',154,54,'2013-12-05 21:45:23','2013-12-05 21:45:23'),(281,'{:onchange=>nil}',154,54,'2013-12-05 21:45:23','2013-12-05 21:45:23'),(282,'{:onchange=>nil}',154,54,'2013-12-05 21:45:23','2013-12-05 21:45:23'),(283,'{:onchange=>nil}',154,54,'2013-12-05 21:45:23','2013-12-05 21:45:23'),(284,'{:onchange=>nil}',154,54,'2013-12-05 21:45:23','2013-12-05 21:45:23'),(285,'{:onchange=>nil}',154,54,'2013-12-05 21:45:23','2013-12-05 21:45:23'),(286,'',154,55,'2013-12-05 21:45:23','2013-12-05 21:45:23'),(287,NULL,155,56,'2013-12-05 21:45:23','2013-12-05 21:45:23'),(288,'',156,57,'2013-12-05 21:45:24','2013-12-05 21:45:24'),(289,NULL,157,58,'2013-12-05 21:45:24','2013-12-05 21:45:24'),(290,NULL,158,59,'2013-12-05 21:45:24','2013-12-05 21:45:24'),(291,'',159,60,'2013-12-05 21:45:24','2013-12-05 21:45:24'),(292,'',160,61,'2013-12-05 21:45:24','2013-12-05 21:45:24'),(293,'',161,62,'2013-12-05 21:45:24','2013-12-05 21:45:24'),(294,'',162,63,'2013-12-05 21:45:24','2013-12-05 21:45:24'),(295,'',163,64,'2013-12-05 21:45:24','2013-12-05 21:45:24'),(296,'',164,65,'2013-12-05 21:45:24','2013-12-05 21:45:24'),(297,'',165,66,'2013-12-05 21:45:24','2013-12-05 21:45:24'),(298,NULL,166,67,'2013-12-05 21:45:24','2013-12-05 21:45:24'),(299,'{:onchange=>nil}',166,67,'2013-12-05 21:45:24','2013-12-05 21:45:24'),(300,'{:onchange=>nil}',166,67,'2013-12-05 21:45:24','2013-12-05 21:45:24'),(301,'{:onchange=>nil}',166,67,'2013-12-05 21:45:24','2013-12-05 21:45:24'),(302,'{:onchange=>nil}',166,67,'2013-12-05 21:45:24','2013-12-05 21:45:24'),(303,'{:onchange=>nil}',166,67,'2013-12-05 21:45:24','2013-12-05 21:45:24'),(304,'',167,68,'2013-12-05 21:45:24','2013-12-05 21:45:24'),(305,'',168,69,'2013-12-05 21:45:24','2013-12-05 21:45:24'),(306,'',168,70,'2013-12-05 21:45:24','2013-12-05 21:45:24'),(307,'',168,71,'2013-12-05 21:45:24','2013-12-05 21:45:24'),(308,'',168,72,'2013-12-05 21:45:24','2013-12-05 21:45:24'),(309,'',168,73,'2013-12-05 21:45:24','2013-12-05 21:45:24'),(310,'',168,74,'2013-12-05 21:45:24','2013-12-05 21:45:24'),(311,'',168,75,'2013-12-05 21:45:24','2013-12-05 21:45:24'),(312,NULL,169,77,'2013-12-05 21:45:24','2013-12-05 21:45:24'),(313,'',171,78,'2013-12-05 21:45:24','2013-12-05 21:45:24'),(314,'',172,79,'2013-12-05 21:45:24','2013-12-05 21:45:24'),(315,'',173,80,'2013-12-05 21:45:24','2013-12-05 21:45:24'),(316,NULL,174,81,'2013-12-05 21:45:24','2013-12-05 21:45:24'),(317,'',175,82,'2013-12-05 21:45:24','2013-12-05 21:45:24'),(318,NULL,176,83,'2013-12-05 21:45:24','2013-12-05 21:45:24'),(319,'{:onchange=>nil}',176,83,'2013-12-05 21:45:24','2013-12-05 21:45:24'),(320,'{:onchange=>nil}',176,83,'2013-12-05 21:45:24','2013-12-05 21:45:24'),(321,'{:onchange=>nil}',176,83,'2013-12-05 21:45:24','2013-12-05 21:45:24'),(322,'{:onchange=>nil}',176,83,'2013-12-05 21:45:24','2013-12-05 21:45:24'),(323,'{:onchange=>nil}',176,83,'2013-12-05 21:45:24','2013-12-05 21:45:24'),(324,'{:onchange=>nil}',176,83,'2013-12-05 21:45:24','2013-12-05 21:45:24'),(325,'{:onchange=>nil}',176,83,'2013-12-05 21:45:24','2013-12-05 21:45:24'),(326,'',176,84,'2013-12-05 21:45:24','2013-12-05 21:45:24'),(327,'',177,85,'2013-12-05 21:45:24','2013-12-05 21:45:24'),(328,'',178,86,'2013-12-05 21:45:24','2013-12-05 21:45:24'),(329,NULL,179,87,'2013-12-05 21:45:24','2013-12-05 21:45:24'),(330,NULL,180,88,'2013-12-05 21:45:24','2013-12-05 21:45:24'),(331,'',181,89,'2013-12-05 21:45:24','2013-12-05 21:45:24'),(332,NULL,182,90,'2013-12-05 21:45:24','2013-12-05 21:45:24'),(333,NULL,183,91,'2013-12-05 21:45:24','2013-12-05 21:45:24'),(334,'{:onchange=>nil}',183,91,'2013-12-05 21:45:24','2013-12-05 21:45:24'),(335,'{:onchange=>nil}',183,91,'2013-12-05 21:45:24','2013-12-05 21:45:24'),(336,'{:onchange=>nil}',183,91,'2013-12-05 21:45:24','2013-12-05 21:45:24'),(337,'{:onchange=>nil}',183,91,'2013-12-05 21:45:24','2013-12-05 21:45:24'),(338,'',183,92,'2013-12-05 21:45:24','2013-12-05 21:45:24'),(339,NULL,184,93,'2013-12-05 21:45:24','2013-12-05 21:45:24'),(340,NULL,185,95,'2013-12-05 21:45:24','2013-12-05 21:45:24'),(341,'',186,94,'2013-12-05 21:45:24','2013-12-05 21:45:24'),(342,NULL,187,96,'2013-12-05 21:45:24','2013-12-05 21:45:24'),(343,NULL,188,97,'2013-12-05 21:45:24','2013-12-05 21:45:24'),(344,'{:onchange=>nil}',188,97,'2013-12-05 21:45:24','2013-12-05 21:45:24'),(345,'{:onchange=>nil}',188,97,'2013-12-05 21:45:24','2013-12-05 21:45:24'),(346,'{:onchange=>nil}',188,97,'2013-12-05 21:45:24','2013-12-05 21:45:24'),(347,'{:onchange=>nil}',188,97,'2013-12-05 21:45:24','2013-12-05 21:45:24'),(348,'{:onchange=>nil}',188,97,'2013-12-05 21:45:24','2013-12-05 21:45:24'),(349,'{:onchange=>nil}',188,97,'2013-12-05 21:45:24','2013-12-05 21:45:24'),(350,'{:onchange=>nil}',188,97,'2013-12-05 21:45:24','2013-12-05 21:45:24'),(351,'',188,98,'2013-12-05 21:45:24','2013-12-05 21:45:24'),(352,NULL,189,99,'2013-12-05 21:45:24','2013-12-05 21:45:24'),(353,'',190,100,'2013-12-05 21:45:24','2013-12-05 21:45:24'),(354,NULL,191,101,'2013-12-05 21:45:24','2013-12-05 21:45:24'),(355,'',192,102,'2013-12-05 21:45:24','2013-12-05 21:45:24'),(356,'',193,103,'2013-12-05 21:45:24','2013-12-05 21:45:24'),(357,'',193,104,'2013-12-05 21:45:24','2013-12-05 21:45:24'),(358,'',193,105,'2013-12-05 21:45:24','2013-12-05 21:45:24'),(359,'',194,106,'2013-12-05 21:45:24','2013-12-05 21:45:24'),(360,'',194,107,'2013-12-05 21:45:24','2013-12-05 21:45:24'),(361,'',194,108,'2013-12-05 21:45:24','2013-12-05 21:45:24'),(362,'',194,109,'2013-12-05 21:45:24','2013-12-05 21:45:24'),(363,'',194,110,'2013-12-05 21:45:24','2013-12-05 21:45:24'),(364,'',194,111,'2013-12-05 21:45:24','2013-12-05 21:45:24'),(365,'',194,112,'2013-12-05 21:45:24','2013-12-05 21:45:24'),(366,NULL,195,113,'2013-12-05 21:45:24','2013-12-05 21:45:24'),(367,'{:onchange=>nil}',195,113,'2013-12-05 21:45:24','2013-12-05 21:45:24'),(368,'{:onchange=>nil}',195,113,'2013-12-05 21:45:24','2013-12-05 21:45:24'),(369,'{:onchange=>nil}',195,113,'2013-12-05 21:45:24','2013-12-05 21:45:24'),(370,'{:onchange=>nil}',195,113,'2013-12-05 21:45:24','2013-12-05 21:45:24'),(371,'',195,114,'2013-12-05 21:45:24','2013-12-05 21:45:24'),(372,'',196,115,'2013-12-05 21:45:24','2013-12-05 21:45:24'),(373,'',196,116,'2013-12-05 21:45:24','2013-12-05 21:45:24'),(374,'',196,117,'2013-12-05 21:45:24','2013-12-05 21:45:24'),(375,'',196,118,'2013-12-05 21:45:24','2013-12-05 21:45:24'),(376,'',196,119,'2013-12-05 21:45:24','2013-12-05 21:45:24'),(377,'',196,120,'2013-12-05 21:45:24','2013-12-05 21:45:24'),(378,'',196,121,'2013-12-05 21:45:24','2013-12-05 21:45:24'),(379,'',196,122,'2013-12-05 21:45:24','2013-12-05 21:45:24'),(380,'',196,123,'2013-12-05 21:45:24','2013-12-05 21:45:24'),(381,'',196,124,'2013-12-05 21:45:24','2013-12-05 21:45:24'),(382,'',196,125,'2013-12-05 21:45:24','2013-12-05 21:45:24'),(383,'',196,126,'2013-12-05 21:45:24','2013-12-05 21:45:24'),(384,'',196,127,'2013-12-05 21:45:24','2013-12-05 21:45:24'),(385,'',196,128,'2013-12-05 21:45:24','2013-12-05 21:45:24'),(386,'',196,129,'2013-12-05 21:45:24','2013-12-05 21:45:24'),(387,'',196,130,'2013-12-05 21:45:24','2013-12-05 21:45:24'),(388,'',196,131,'2013-12-05 21:45:24','2013-12-05 21:45:24'),(389,'',196,132,'2013-12-05 21:45:24','2013-12-05 21:45:24'),(390,'',196,133,'2013-12-05 21:45:24','2013-12-05 21:45:24'),(391,'',196,134,'2013-12-05 21:45:24','2013-12-05 21:45:24'),(392,'',196,135,'2013-12-05 21:45:24','2013-12-05 21:45:24'),(393,'',197,136,'2013-12-05 21:45:24','2013-12-05 21:45:24'),(394,'',197,137,'2013-12-05 21:45:24','2013-12-05 21:45:24'),(395,'',197,138,'2013-12-05 21:45:24','2013-12-05 21:45:24'),(396,'',197,139,'2013-12-05 21:45:24','2013-12-05 21:45:24'),(397,'',197,140,'2013-12-05 21:45:24','2013-12-05 21:45:24'),(398,'',197,141,'2013-12-05 21:45:24','2013-12-05 21:45:24'),(399,'',197,142,'2013-12-05 21:45:24','2013-12-05 21:45:24'),(400,'',198,143,'2013-12-05 21:45:24','2013-12-05 21:45:24'),(401,'',198,144,'2013-12-05 21:45:24','2013-12-05 21:45:24'),(402,'',198,145,'2013-12-05 21:45:24','2013-12-05 21:45:24'),(403,NULL,199,146,'2013-12-05 21:45:24','2013-12-05 21:45:24'),(404,NULL,200,147,'2013-12-05 21:45:24','2013-12-05 21:45:24'),(405,'{:onchange=>nil}',200,147,'2013-12-05 21:45:24','2013-12-05 21:45:24'),(406,'{:onchange=>nil}',200,147,'2013-12-05 21:45:24','2013-12-05 21:45:24'),(407,'{:onchange=>nil}',200,147,'2013-12-05 21:45:24','2013-12-05 21:45:24'),(408,'{:onchange=>nil}',200,147,'2013-12-05 21:45:24','2013-12-05 21:45:24'),(409,'{:onchange=>nil}',200,147,'2013-12-05 21:45:24','2013-12-05 21:45:24'),(410,'',201,148,'2013-12-05 21:45:24','2013-12-05 21:45:24'),(411,'',201,149,'2013-12-05 21:45:24','2013-12-05 21:45:24'),(412,'',201,150,'2013-12-05 21:45:24','2013-12-05 21:45:24'),(413,'',201,151,'2013-12-05 21:45:24','2013-12-05 21:45:24'),(414,'',201,152,'2013-12-05 21:45:24','2013-12-05 21:45:24'),(415,'',201,153,'2013-12-05 21:45:24','2013-12-05 21:45:24'),(416,'',201,154,'2013-12-05 21:45:24','2013-12-05 21:45:24'),(417,'',201,155,'2013-12-05 21:45:24','2013-12-05 21:45:24'),(418,'',201,156,'2013-12-05 21:45:24','2013-12-05 21:45:24'),(419,'',201,157,'2013-12-05 21:45:24','2013-12-05 21:45:24'),(420,'',201,158,'2013-12-05 21:45:24','2013-12-05 21:45:24'),(421,'',201,159,'2013-12-05 21:45:24','2013-12-05 21:45:24'),(422,'',201,160,'2013-12-05 21:45:24','2013-12-05 21:45:24'),(423,'',201,161,'2013-12-05 21:45:24','2013-12-05 21:45:24'),(424,'',201,162,'2013-12-05 21:45:24','2013-12-05 21:45:24'),(425,'',201,163,'2013-12-05 21:45:24','2013-12-05 21:45:24'),(426,'',201,164,'2013-12-05 21:45:24','2013-12-05 21:45:24'),(427,'',201,165,'2013-12-05 21:45:24','2013-12-05 21:45:24'),(512,'adfadasdf',235,213,'2014-02-09 15:03:37','2014-02-09 15:03:37'),(513,'3304557',236,215,'2014-02-09 15:03:37','2014-02-09 15:03:37'),(514,'Rio de Janeiro',237,214,'2014-02-09 15:03:37','2014-02-09 15:03:37'),(515,'adf',238,216,'2014-02-09 15:03:37','2014-02-09 15:03:37'),(516,'asdfasdfasd',238,217,'2014-02-09 15:03:37','2014-02-09 15:03:37'),(517,'fasdfasd',238,218,'2014-02-09 15:03:37','2014-02-09 15:03:37'),(518,'asdfasd',238,219,'2014-02-09 15:03:37','2014-02-09 15:03:37'),(519,'fasdfasd',238,220,'2014-02-09 15:03:37','2014-02-09 15:03:37'),(520,'1',238,221,'2014-02-09 15:03:37','2014-02-09 15:03:37'),(521,'1',238,222,'2014-02-09 15:03:37','2014-02-09 15:03:37'),(522,'1',238,223,'2014-02-09 15:03:37','2014-02-09 15:03:37'),(523,'dfasdfasdf',238,224,'2014-02-09 15:03:37','2014-02-09 15:03:37'),(524,'fasdfas',238,225,'2014-02-09 15:03:37','2014-02-09 15:03:37');
/*!40000 ALTER TABLE `card_answers` ENABLE KEYS */;
UNLOCK TABLES;

--
-- Table structure for table `card_questions`
--

DROP TABLE IF EXISTS `card_questions`;
/*!40101 SET @saved_cs_client     = @@character_set_client */;
/*!40101 SET character_set_client = utf8 */;
CREATE TABLE `card_questions` (
  `id` int(11) NOT NULL AUTO_INCREMENT,
  `card_id` int(11) DEFAULT NULL,
  `question_id` int(11) DEFAULT NULL,
  `created_at` datetime DEFAULT NULL,
  `updated_at` datetime DEFAULT NULL,
  PRIMARY KEY (`id`),
  KEY `index_card_questions_on_card_id` (`card_id`),
  KEY `index_card_questions_on_question_id` (`question_id`)
) ENGINE=InnoDB AUTO_INCREMENT=239 DEFAULT CHARSET=utf8;
/*!40101 SET character_set_client = @saved_cs_client */;

--
-- Dumping data for table `card_questions`
--

LOCK TABLES `card_questions` WRITE;
/*!40000 ALTER TABLE `card_questions` DISABLE KEYS */;
INSERT INTO `card_questions` VALUES (99,2,106,'2013-11-26 12:25:09','2013-11-26 12:25:09'),(100,2,119,'2013-11-26 12:25:09','2013-11-26 12:25:09'),(101,2,119,'2013-11-26 12:25:09','2013-11-26 12:25:09'),(102,2,119,'2013-11-26 12:25:09','2013-11-26 12:25:09'),(104,4,2,'2013-12-05 21:45:23','2013-12-05 21:45:23'),(105,4,3,'2013-12-05 21:45:23','2013-12-05 21:45:23'),(106,4,4,'2013-12-05 21:45:23','2013-12-05 21:45:23'),(107,4,5,'2013-12-05 21:45:23','2013-12-05 21:45:23'),(108,4,6,'2013-12-05 21:45:23','2013-12-05 21:45:23'),(109,4,7,'2013-12-05 21:45:23','2013-12-05 21:45:23'),(110,4,8,'2013-12-05 21:45:23','2013-12-05 21:45:23'),(111,4,9,'2013-12-05 21:45:23','2013-12-05 21:45:23'),(112,4,10,'2013-12-05 21:45:23','2013-12-05 21:45:23'),(113,4,11,'2013-12-05 21:45:23','2013-12-05 21:45:23'),(114,4,12,'2013-12-05 21:45:23','2013-12-05 21:45:23'),(115,4,13,'2013-12-05 21:45:23','2013-12-05 21:45:23'),(116,4,14,'2013-12-05 21:45:23','2013-12-05 21:45:23'),(117,4,16,'2013-12-05 21:45:23','2013-12-05 21:45:23'),(118,4,17,'2013-12-05 21:45:23','2013-12-05 21:45:23'),(119,4,18,'2013-12-05 21:45:23','2013-12-05 21:45:23'),(120,4,19,'2013-12-05 21:45:23','2013-12-05 21:45:23'),(121,4,20,'2013-12-05 21:45:23','2013-12-05 21:45:23'),(122,4,21,'2013-12-05 21:45:23','2013-12-05 21:45:23'),(123,4,22,'2013-12-05 21:45:23','2013-12-05 21:45:23'),(124,4,23,'2013-12-05 21:45:23','2013-12-05 21:45:23'),(125,4,24,'2013-12-05 21:45:23','2013-12-05 21:45:23'),(126,4,25,'2013-12-05 21:45:23','2013-12-05 21:45:23'),(127,4,26,'2013-12-05 21:45:23','2013-12-05 21:45:23'),(128,4,27,'2013-12-05 21:45:23','2013-12-05 21:45:23'),(129,4,28,'2013-12-05 21:45:23','2013-12-05 21:45:23'),(130,4,29,'2013-12-05 21:45:23','2013-12-05 21:45:23'),(131,4,30,'2013-12-05 21:45:23','2013-12-05 21:45:23'),(132,4,31,'2013-12-05 21:45:23','2013-12-05 21:45:23'),(133,4,32,'2013-12-05 21:45:23','2013-12-05 21:45:23'),(134,4,33,'2013-12-05 21:45:23','2013-12-05 21:45:23'),(135,4,34,'2013-12-05 21:45:23','2013-12-05 21:45:23'),(136,4,35,'2013-12-05 21:45:23','2013-12-05 21:45:23'),(137,4,36,'2013-12-05 21:45:23','2013-12-05 21:45:23'),(138,4,37,'2013-12-05 21:45:23','2013-12-05 21:45:23'),(139,4,38,'2013-12-05 21:45:23','2013-12-05 21:45:23'),(140,4,39,'2013-12-05 21:45:23','2013-12-05 21:45:23'),(141,4,40,'2013-12-05 21:45:23','2013-12-05 21:45:23'),(142,4,41,'2013-12-05 21:45:23','2013-12-05 21:45:23'),(143,4,42,'2013-12-05 21:45:23','2013-12-05 21:45:23'),(144,4,43,'2013-12-05 21:45:23','2013-12-05 21:45:23'),(145,4,44,'2013-12-05 21:45:23','2013-12-05 21:45:23'),(146,4,45,'2013-12-05 21:45:23','2013-12-05 21:45:23'),(147,4,46,'2013-12-05 21:45:23','2013-12-05 21:45:23'),(148,4,47,'2013-12-05 21:45:23','2013-12-05 21:45:23'),(149,4,48,'2013-12-05 21:45:23','2013-12-05 21:45:23'),(150,4,49,'2013-12-05 21:45:23','2013-12-05 21:45:23'),(151,4,50,'2013-12-05 21:45:23','2013-12-05 21:45:23'),(152,4,51,'2013-12-05 21:45:23','2013-12-05 21:45:23'),(153,4,52,'2013-12-05 21:45:23','2013-12-05 21:45:23'),(154,4,53,'2013-12-05 21:45:23','2013-12-05 21:45:23'),(155,4,54,'2013-12-05 21:45:23','2013-12-05 21:45:23'),(156,4,55,'2013-12-05 21:45:23','2013-12-05 21:45:23'),(157,4,56,'2013-12-05 21:45:24','2013-12-05 21:45:24'),(158,4,57,'2013-12-05 21:45:24','2013-12-05 21:45:24'),(159,4,58,'2013-12-05 21:45:24','2013-12-05 21:45:24'),(160,4,59,'2013-12-05 21:45:24','2013-12-05 21:45:24'),(161,4,60,'2013-12-05 21:45:24','2013-12-05 21:45:24'),(162,4,61,'2013-12-05 21:45:24','2013-12-05 21:45:24'),(163,4,62,'2013-12-05 21:45:24','2013-12-05 21:45:24'),(164,4,63,'2013-12-05 21:45:24','2013-12-05 21:45:24'),(165,4,64,'2013-12-05 21:45:24','2013-12-05 21:45:24'),(166,4,65,'2013-12-05 21:45:24','2013-12-05 21:45:24'),(167,4,66,'2013-12-05 21:45:24','2013-12-05 21:45:24'),(168,4,67,'2013-12-05 21:45:24','2013-12-05 21:45:24'),(169,4,72,'2013-12-05 21:45:24','2013-12-05 21:45:24'),(170,4,73,'2013-12-05 21:45:24','2013-12-05 21:45:24'),(171,4,74,'2013-12-05 21:45:24','2013-12-05 21:45:24'),(172,4,75,'2013-12-05 21:45:24','2013-12-05 21:45:24'),(173,4,76,'2013-12-05 21:45:24','2013-12-05 21:45:24'),(174,4,77,'2013-12-05 21:45:24','2013-12-05 21:45:24'),(175,4,78,'2013-12-05 21:45:24','2013-12-05 21:45:24'),(176,4,79,'2013-12-05 21:45:24','2013-12-05 21:45:24'),(177,4,80,'2013-12-05 21:45:24','2013-12-05 21:45:24'),(178,4,81,'2013-12-05 21:45:24','2013-12-05 21:45:24'),(179,4,82,'2013-12-05 21:45:24','2013-12-05 21:45:24'),(180,4,83,'2013-12-05 21:45:24','2013-12-05 21:45:24'),(181,4,84,'2013-12-05 21:45:24','2013-12-05 21:45:24'),(182,4,85,'2013-12-05 21:45:24','2013-12-05 21:45:24'),(183,4,86,'2013-12-05 21:45:24','2013-12-05 21:45:24'),(184,4,87,'2013-12-05 21:45:24','2013-12-05 21:45:24'),(185,4,88,'2013-12-05 21:45:24','2013-12-05 21:45:24'),(186,4,89,'2013-12-05 21:45:24','2013-12-05 21:45:24'),(187,4,90,'2013-12-05 21:45:24','2013-12-05 21:45:24'),(188,4,91,'2013-12-05 21:45:24','2013-12-05 21:45:24'),(189,4,92,'2013-12-05 21:45:24','2013-12-05 21:45:24'),(190,4,93,'2013-12-05 21:45:24','2013-12-05 21:45:24'),(191,4,94,'2013-12-05 21:45:24','2013-12-05 21:45:24'),(192,4,95,'2013-12-05 21:45:24','2013-12-05 21:45:24'),(193,4,96,'2013-12-05 21:45:24','2013-12-05 21:45:24'),(194,4,97,'2013-12-05 21:45:24','2013-12-05 21:45:24'),(195,4,98,'2013-12-05 21:45:24','2013-12-05 21:45:24'),(196,4,99,'2013-12-05 21:45:24','2013-12-05 21:45:24'),(197,4,100,'2013-12-05 21:45:24','2013-12-05 21:45:24'),(198,4,101,'2013-12-05 21:45:24','2013-12-05 21:45:24'),(199,4,102,'2013-12-05 21:45:24','2013-12-05 21:45:24'),(200,4,103,'2013-12-05 21:45:24','2013-12-05 21:45:24'),(201,4,104,'2013-12-05 21:45:24','2013-12-05 21:45:24'),(235,17,132,'2014-02-09 15:03:37','2014-02-09 15:03:37'),(236,17,133,'2014-02-09 15:03:37','2014-02-09 15:03:37'),(237,17,134,'2014-02-09 15:03:37','2014-02-09 15:03:37'),(238,17,135,'2014-02-09 15:03:37','2014-02-09 15:03:37');
/*!40000 ALTER TABLE `card_questions` ENABLE KEYS */;
UNLOCK TABLES;

--
-- Table structure for table `cards`
--

DROP TABLE IF EXISTS `cards`;
/*!40101 SET @saved_cs_client     = @@character_set_client */;
/*!40101 SET character_set_client = utf8 */;
CREATE TABLE `cards` (
  `id` int(11) NOT NULL AUTO_INCREMENT,
  `year` varchar(255) DEFAULT NULL,
  `survey_id` int(11) DEFAULT NULL,
  `person_id` int(11) DEFAULT NULL,
  `county_id` int(11) DEFAULT NULL,
  `created_at` datetime DEFAULT NULL,
  `updated_at` datetime DEFAULT NULL,
  `month` varchar(255) DEFAULT NULL,
  PRIMARY KEY (`id`),
  KEY `index_cards_on_county_id` (`county_id`),
  KEY `index_cards_on_person_id` (`person_id`),
  KEY `index_cards_on_survey_id` (`survey_id`)
) ENGINE=InnoDB AUTO_INCREMENT=18 DEFAULT CHARSET=utf8;
/*!40101 SET character_set_client = @saved_cs_client */;

--
-- Dumping data for table `cards`
--

LOCK TABLES `cards` WRITE;
/*!40000 ALTER TABLE `cards` DISABLE KEYS */;
INSERT INTO `cards` VALUES (2,'2013',4,1,68,'2013-11-26 12:25:09','2013-11-26 12:25:09',''),(4,'2013',1,1,68,'2013-12-05 21:45:23','2013-12-05 21:45:23',''),(7,'2013',2,1,68,'2014-02-03 22:37:16','2014-02-03 22:37:16',''),(17,'2013',17,1,68,'2014-02-09 15:03:37','2014-02-09 15:03:37','');
/*!40000 ALTER TABLE `cards` ENABLE KEYS */;
UNLOCK TABLES;

--
-- Table structure for table `counties`
--

DROP TABLE IF EXISTS `counties`;
/*!40101 SET @saved_cs_client     = @@character_set_client */;
/*!40101 SET character_set_client = utf8 */;
CREATE TABLE `counties` (
  `id` int(11) NOT NULL AUTO_INCREMENT,
  `name` varchar(255) DEFAULT NULL,
  `code` varchar(255) DEFAULT NULL,
  `cnpj` varchar(255) DEFAULT NULL,
  `created_at` datetime DEFAULT NULL,
  `updated_at` datetime DEFAULT NULL,
  `logradouro_prefeitura` varchar(255) DEFAULT NULL,
  `numero_prefeitura` varchar(255) DEFAULT NULL,
  `complemento_prefeitura` varchar(255) DEFAULT NULL,
  `bairro_prefeitura` varchar(255) DEFAULT NULL,
  `populacao_total_municipio` varchar(255) DEFAULT NULL,
  `populacao_urbana` varchar(255) DEFAULT NULL,
  `extensao_territorial` varchar(255) DEFAULT NULL,
  `indice_destinacao` varchar(255) DEFAULT NULL,
  `n_bairros` varchar(255) DEFAULT NULL,
  PRIMARY KEY (`id`)
) ENGINE=InnoDB AUTO_INCREMENT=93 DEFAULT CHARSET=utf8;
/*!40101 SET character_set_client = @saved_cs_client */;

--
-- Dumping data for table `counties`
--

LOCK TABLES `counties` WRITE;
/*!40000 ALTER TABLE `counties` DISABLE KEYS */;
INSERT INTO `counties` VALUES (1,'ANGRA DOS REIS','3300100','00.000.000/0000-00','2013-11-20 18:32:21','2013-11-20 18:32:21','LOGRADOURO','NUMERO','COMPLEMENTO','Bairro','0','0','0','0','0'),(2,'APERIBE','3300159','00.000.000/0000-00','2013-11-20 18:32:21','2013-11-20 18:32:21','LOGRADOURO','NUMERO','COMPLEMENTO','Bairro','0','0','0','0','0'),(3,'ARARUAMA','3300209','00.000.000/0000-00','2013-11-20 18:32:21','2013-11-20 18:32:21','LOGRADOURO','NUMERO','COMPLEMENTO','Bairro','0','0','0','0','0'),(4,'AREAL','3300225','00.000.000/0000-00','2013-11-20 18:32:21','2013-11-20 18:32:21','LOGRADOURO','NUMERO','COMPLEMENTO','Bairro','0','0','0','0','0'),(5,'ARMACAO DOS BUZIOS','3300233','00.000.000/0000-00','2013-11-20 18:32:21','2013-11-20 18:32:21','LOGRADOURO','NUMERO','COMPLEMENTO','Bairro','0','0','0','0','0'),(6,'ARRAIAL DO CABO','3300258','00.000.000/0000-00','2013-11-20 18:32:21','2013-11-20 18:32:21','LOGRADOURO','NUMERO','COMPLEMENTO','Bairro','0','0','0','0','0'),(7,'BARRA DO PIRAI','3300308','00.000.000/0000-00','2013-11-20 18:32:21','2013-11-20 18:32:21','LOGRADOURO','NUMERO','COMPLEMENTO','Bairro','0','0','0','0','0'),(8,'BARRA MANSA','3300407','00.000.000/0000-00','2013-11-20 18:32:21','2013-11-20 18:32:21','LOGRADOURO','NUMERO','COMPLEMENTO','Bairro','0','0','0','0','0'),(9,'BELFORD ROXO','3300456','00.000.000/0000-00','2013-11-20 18:32:21','2013-11-20 18:32:21','LOGRADOURO','NUMERO','COMPLEMENTO','Bairro','0','0','0','0','0'),(10,'BOM JARDIM','3300506','00.000.000/0000-00','2013-11-20 18:32:21','2013-11-20 18:32:21','LOGRADOURO','NUMERO','COMPLEMENTO','Bairro','0','0','0','0','0'),(11,'BOM JESUS DO ITABAPOANA','3300605','00.000.000/0000-00','2013-11-20 18:32:21','2013-11-20 18:32:21','LOGRADOURO','NUMERO','COMPLEMENTO','Bairro','0','0','0','0','0'),(12,'CABO FRIO','3300704','00.000.000/0000-00','2013-11-20 18:32:21','2013-11-20 18:32:21','LOGRADOURO','NUMERO','COMPLEMENTO','Bairro','0','0','0','0','0'),(13,'CACHOEIRAS DE MACACU','3300803','00.000.000/0000-00','2013-11-20 18:32:21','2013-11-20 18:32:21','LOGRADOURO','NUMERO','COMPLEMENTO','Bairro','0','0','0','0','0'),(14,'CAMBUCI','3300902','00.000.000/0000-00','2013-11-20 18:32:21','2013-11-20 18:32:21','LOGRADOURO','NUMERO','COMPLEMENTO','Bairro','0','0','0','0','0'),(15,'CARAPEBUS','3300936','00.000.000/0000-00','2013-11-20 18:32:21','2013-11-20 18:32:21','LOGRADOURO','NUMERO','COMPLEMENTO','Bairro','0','0','0','0','0'),(16,'COMENDADOR LEVY GASPARIAN','3300951','00.000.000/0000-00','2013-11-20 18:32:21','2013-11-20 18:32:21','LOGRADOURO','NUMERO','COMPLEMENTO','Bairro','0','0','0','0','0'),(17,'CAMPOS DOS GOYTACAZES','3301009','00.000.000/0000-00','2013-11-20 18:32:21','2013-11-20 18:32:21','LOGRADOURO','NUMERO','COMPLEMENTO','Bairro','0','0','0','0','0'),(18,'CANTAGALO','3301108','00.000.000/0000-00','2013-11-20 18:32:21','2013-11-20 18:32:21','LOGRADOURO','NUMERO','COMPLEMENTO','Bairro','0','0','0','0','0'),(19,'CARDOSO MOREIRA','3301157','00.000.000/0000-00','2013-11-20 18:32:21','2013-11-20 18:32:21','LOGRADOURO','NUMERO','COMPLEMENTO','Bairro','0','0','0','0','0'),(20,'CARMO','3301207','00.000.000/0000-00','2013-11-20 18:32:21','2013-11-20 18:32:21','LOGRADOURO','NUMERO','COMPLEMENTO','Bairro','0','0','0','0','0'),(21,'CASIMIRO DE ABREU','3301306','00.000.000/0000-00','2013-11-20 18:32:21','2013-11-20 18:32:21','LOGRADOURO','NUMERO','COMPLEMENTO','Bairro','0','0','0','0','0'),(22,'CONCEICAO DE MACABU','3301405','00.000.000/0000-00','2013-11-20 18:32:21','2013-11-20 18:32:21','LOGRADOURO','NUMERO','COMPLEMENTO','Bairro','0','0','0','0','0'),(23,'CORDEIRO','3301504','00.000.000/0000-00','2013-11-20 18:32:21','2013-11-20 18:32:21','LOGRADOURO','NUMERO','COMPLEMENTO','Bairro','0','0','0','0','0'),(24,'DUAS BARRAS','3301603','00.000.000/0000-00','2013-11-20 18:32:21','2013-11-20 18:32:21','LOGRADOURO','NUMERO','COMPLEMENTO','Bairro','0','0','0','0','0'),(25,'DUQUE DE CAXIAS','3301702','00.000.000/0000-00','2013-11-20 18:32:21','2013-11-20 18:32:21','LOGRADOURO','NUMERO','COMPLEMENTO','Bairro','0','0','0','0','0'),(26,'ENGENHEIRO PAULO DE FRONTIN','3301801','00.000.000/0000-00','2013-11-20 18:32:21','2013-11-20 18:32:21','LOGRADOURO','NUMERO','COMPLEMENTO','Bairro','0','0','0','0','0'),(27,'GUAPIMIRIM','3301850','00.000.000/0000-00','2013-11-20 18:32:21','2013-11-20 18:32:21','LOGRADOURO','NUMERO','COMPLEMENTO','Bairro','0','0','0','0','0'),(28,'IGUABA GRANDE','3301876','00.000.000/0000-00','2013-11-20 18:32:21','2013-11-20 18:32:21','LOGRADOURO','NUMERO','COMPLEMENTO','Bairro','0','0','0','0','0'),(29,'ITABORAI','3301900','00.000.000/0000-00','2013-11-20 18:32:21','2013-11-20 18:32:21','LOGRADOURO','NUMERO','COMPLEMENTO','Bairro','0','0','0','0','0'),(30,'ITAGUAI','3302007','00.000.000/0000-00','2013-11-20 18:32:21','2013-11-20 18:32:21','LOGRADOURO','NUMERO','COMPLEMENTO','Bairro','0','0','0','0','0'),(31,'ITALVA','3302056','00.000.000/0000-00','2013-11-20 18:32:21','2013-11-20 18:32:21','LOGRADOURO','NUMERO','COMPLEMENTO','Bairro','0','0','0','0','0'),(32,'ITAOCARA','3302106','00.000.000/0000-00','2013-11-20 18:32:21','2013-11-20 18:32:21','LOGRADOURO','NUMERO','COMPLEMENTO','Bairro','0','0','0','0','0'),(33,'ITAPERUNA','3302205','00.000.000/0000-00','2013-11-20 18:32:21','2013-11-20 18:32:21','LOGRADOURO','NUMERO','COMPLEMENTO','Bairro','0','0','0','0','0'),(34,'ITATIAIA','3302254','00.000.000/0000-00','2013-11-20 18:32:21','2013-11-20 18:32:21','LOGRADOURO','NUMERO','COMPLEMENTO','Bairro','0','0','0','0','0'),(35,'JAPERI','3302270','00.000.000/0000-00','2013-11-20 18:32:21','2013-11-20 18:32:21','LOGRADOURO','NUMERO','COMPLEMENTO','Bairro','0','0','0','0','0'),(36,'LAJE DO MURIAE','3302304','00.000.000/0000-00','2013-11-20 18:32:21','2013-11-20 18:32:21','LOGRADOURO','NUMERO','COMPLEMENTO','Bairro','0','0','0','0','0'),(37,'MACAE','3302403','00.000.000/0000-00','2013-11-20 18:32:21','2013-11-20 18:32:21','LOGRADOURO','NUMERO','COMPLEMENTO','Bairro','0','0','0','0','0'),(38,'MACUCO','3302452','00.000.000/0000-00','2013-11-20 18:32:21','2013-11-20 18:32:21','LOGRADOURO','NUMERO','COMPLEMENTO','Bairro','0','0','0','0','0'),(39,'MAGE','3302502','00.000.000/0000-00','2013-11-20 18:32:21','2013-11-20 18:32:21','LOGRADOURO','NUMERO','COMPLEMENTO','Bairro','0','0','0','0','0'),(40,'MANGARATIBA','3302601','00.000.000/0000-00','2013-11-20 18:32:21','2013-11-20 18:32:21','LOGRADOURO','NUMERO','COMPLEMENTO','Bairro','0','0','0','0','0'),(41,'MARICA','3302700','00.000.000/0000-00','2013-11-20 18:32:21','2013-11-20 18:32:21','LOGRADOURO','NUMERO','COMPLEMENTO','Bairro','0','0','0','0','0'),(42,'MENDES','3302809','00.000.000/0000-00','2013-11-20 18:32:21','2013-11-20 18:32:21','LOGRADOURO','NUMERO','COMPLEMENTO','Bairro','0','0','0','0','0'),(43,'MESQUITA','3302858','00.000.000/0000-00','2013-11-20 18:32:21','2013-11-20 18:32:21','LOGRADOURO','NUMERO','COMPLEMENTO','Bairro','0','0','0','0','0'),(44,'MIGUEL PEREIRA','3302908','00.000.000/0000-00','2013-11-20 18:32:21','2013-11-20 18:32:21','LOGRADOURO','NUMERO','COMPLEMENTO','Bairro','0','0','0','0','0'),(45,'MIRACEMA','3303005','00.000.000/0000-00','2013-11-20 18:32:21','2013-11-20 18:32:21','LOGRADOURO','NUMERO','COMPLEMENTO','Bairro','0','0','0','0','0'),(46,'NATIVIDADE','3303104','00.000.000/0000-00','2013-11-20 18:32:21','2013-11-20 18:32:21','LOGRADOURO','NUMERO','COMPLEMENTO','Bairro','0','0','0','0','0'),(47,'NILOPOLIS','3303203','00.000.000/0000-00','2013-11-20 18:32:21','2013-11-20 18:32:21','LOGRADOURO','NUMERO','COMPLEMENTO','Bairro','0','0','0','0','0'),(48,'NITEROI','3303302','00.000.000/0000-00','2013-11-20 18:32:21','2013-11-20 18:32:21','LOGRADOURO','NUMERO','COMPLEMENTO','Bairro','0','0','0','0','0'),(49,'NOVA FRIBURGO','3303401','00.000.000/0000-00','2013-11-20 18:32:21','2013-11-20 18:32:21','LOGRADOURO','NUMERO','COMPLEMENTO','Bairro','0','0','0','0','0'),(50,'NOVA IGUACU','3303500','00.000.000/0000-00','2013-11-20 18:32:21','2013-11-20 18:32:21','LOGRADOURO','NUMERO','COMPLEMENTO','Bairro','0','0','0','0','0'),(51,'PARACAMBI','3303609','00.000.000/0000-00','2013-11-20 18:32:21','2013-11-20 18:32:21','LOGRADOURO','NUMERO','COMPLEMENTO','Bairro','0','0','0','0','0'),(52,'PARAIBA DO SUL','3303708','00.000.000/0000-00','2013-11-20 18:32:21','2013-11-20 18:32:21','LOGRADOURO','NUMERO','COMPLEMENTO','Bairro','0','0','0','0','0'),(53,'PARATI','3303807','00.000.000/0000-00','2013-11-20 18:32:21','2013-11-20 18:32:21','LOGRADOURO','NUMERO','COMPLEMENTO','Bairro','0','0','0','0','0'),(54,'PATY DO ALFERES','3303856','00.000.000/0000-00','2013-11-20 18:32:21','2013-11-20 18:32:21','LOGRADOURO','NUMERO','COMPLEMENTO','Bairro','0','0','0','0','0'),(55,'PETROPOLIS','3303906','00.000.000/0000-00','2013-11-20 18:32:21','2013-11-20 18:32:21','LOGRADOURO','NUMERO','COMPLEMENTO','Bairro','0','0','0','0','0'),(56,'PINHEIRAL','3303955','00.000.000/0000-00','2013-11-20 18:32:21','2013-11-20 18:32:21','LOGRADOURO','NUMERO','COMPLEMENTO','Bairro','0','0','0','0','0'),(57,'PIRAI','3304003','00.000.000/0000-00','2013-11-20 18:32:21','2013-11-20 18:32:21','LOGRADOURO','NUMERO','COMPLEMENTO','Bairro','0','0','0','0','0'),(58,'PORCIUNCULA','3304102','00.000.000/0000-00','2013-11-20 18:32:21','2013-11-20 18:32:21','LOGRADOURO','NUMERO','COMPLEMENTO','Bairro','0','0','0','0','0'),(59,'PORTO REAL','3304110','00.000.000/0000-00','2013-11-20 18:32:21','2013-11-20 18:32:21','LOGRADOURO','NUMERO','COMPLEMENTO','Bairro','0','0','0','0','0'),(60,'QUATIS','3304128','00.000.000/0000-00','2013-11-20 18:32:21','2013-11-20 18:32:21','LOGRADOURO','NUMERO','COMPLEMENTO','Bairro','0','0','0','0','0'),(61,'QUEIMADOS','3304144','00.000.000/0000-00','2013-11-20 18:32:21','2013-11-20 18:32:21','LOGRADOURO','NUMERO','COMPLEMENTO','Bairro','0','0','0','0','0'),(62,'QUISSAMA','3304151','00.000.000/0000-00','2013-11-20 18:32:21','2013-11-20 18:32:21','LOGRADOURO','NUMERO','COMPLEMENTO','Bairro','0','0','0','0','0'),(63,'RESENDE','3304201','00.000.000/0000-00','2013-11-20 18:32:21','2013-11-20 18:32:21','LOGRADOURO','NUMERO','COMPLEMENTO','Bairro','0','0','0','0','0'),(64,'RIO BONITO','3304300','00.000.000/0000-00','2013-11-20 18:32:21','2013-11-20 18:32:21','LOGRADOURO','NUMERO','COMPLEMENTO','Bairro','0','0','0','0','0'),(65,'RIO CLARO','3304409','00.000.000/0000-00','2013-11-20 18:32:21','2013-11-20 18:32:21','LOGRADOURO','NUMERO','COMPLEMENTO','Bairro','0','0','0','0','0'),(66,'RIO DAS FLORES','3304508','00.000.000/0000-00','2013-11-20 18:32:21','2013-11-20 18:32:21','LOGRADOURO','NUMERO','COMPLEMENTO','Bairro','0','0','0','0','0'),(67,'RIO DAS OSTRAS','3304524','00.000.000/0000-00','2013-11-20 18:32:21','2013-11-20 18:32:21','LOGRADOURO','NUMERO','COMPLEMENTO','Bairro','0','0','0','0','0'),(68,'RIO DE JANEIRO','3304557','00.000.000/0000-00','2013-11-20 18:32:21','2013-11-20 18:32:21','LOGRADOURO','NUMERO','COMPLEMENTO','Bairro','0','0','0','0','0'),(69,'SANTA MARIA MADALENA','3304607','00.000.000/0000-00','2013-11-20 18:32:21','2013-11-20 18:32:21','LOGRADOURO','NUMERO','COMPLEMENTO','Bairro','0','0','0','0','0'),(70,'SANTO ANTONIO DE PADUA','3304706','00.000.000/0000-00','2013-11-20 18:32:21','2013-11-20 18:32:21','LOGRADOURO','NUMERO','COMPLEMENTO','Bairro','0','0','0','0','0'),(71,'SAO FRANCISCO DE ITABAPOANA','3304755','00.000.000/0000-00','2013-11-20 18:32:21','2013-11-20 18:32:21','LOGRADOURO','NUMERO','COMPLEMENTO','Bairro','0','0','0','0','0'),(72,'SAO FIDELIS','3304805','00.000.000/0000-00','2013-11-20 18:32:21','2013-11-20 18:32:21','LOGRADOURO','NUMERO','COMPLEMENTO','Bairro','0','0','0','0','0'),(73,'SAO GONCALO','3304904','00.000.000/0000-00','2013-11-20 18:32:21','2013-11-20 18:32:21','LOGRADOURO','NUMERO','COMPLEMENTO','Bairro','0','0','0','0','0'),(74,'SAO JOAO DA BARRA','3305000','00.000.000/0000-00','2013-11-20 18:32:21','2013-11-20 18:32:21','LOGRADOURO','NUMERO','COMPLEMENTO','Bairro','0','0','0','0','0'),(75,'SAO JOAO DE MERITI','3305109','00.000.000/0000-00','2013-11-20 18:32:21','2013-11-20 18:32:21','LOGRADOURO','NUMERO','COMPLEMENTO','Bairro','0','0','0','0','0'),(76,'SAO JOSE DE UBA','3305133','00.000.000/0000-00','2013-11-20 18:32:21','2013-11-20 18:32:21','LOGRADOURO','NUMERO','COMPLEMENTO','Bairro','0','0','0','0','0'),(77,'SAO JOSE DO VALE DO RIO PRETO','3305158','00.000.000/0000-00','2013-11-20 18:32:21','2013-11-20 18:32:21','LOGRADOURO','NUMERO','COMPLEMENTO','Bairro','0','0','0','0','0'),(78,'SAO PEDRO DA ALDEIA','3305208','00.000.000/0000-00','2013-11-20 18:32:21','2013-11-20 18:32:21','LOGRADOURO','NUMERO','COMPLEMENTO','Bairro','0','0','0','0','0'),(79,'SAO SEBASTIAO DO ALTO','3305307','00.000.000/0000-00','2013-11-20 18:32:21','2013-11-20 18:32:21','LOGRADOURO','NUMERO','COMPLEMENTO','Bairro','0','0','0','0','0'),(80,'SAPUCAIA','3305406','00.000.000/0000-00','2013-11-20 18:32:21','2013-11-20 18:32:21','LOGRADOURO','NUMERO','COMPLEMENTO','Bairro','0','0','0','0','0'),(81,'SAQUAREMA','3305505','00.000.000/0000-00','2013-11-20 18:32:21','2013-11-20 18:32:21','LOGRADOURO','NUMERO','COMPLEMENTO','Bairro','0','0','0','0','0'),(82,'SEROPEDICA','3305554','00.000.000/0000-00','2013-11-20 18:32:21','2013-11-20 18:32:21','LOGRADOURO','NUMERO','COMPLEMENTO','Bairro','0','0','0','0','0'),(83,'SILVA JARDIM','3305604','00.000.000/0000-00','2013-11-20 18:32:21','2013-11-20 18:32:21','LOGRADOURO','NUMERO','COMPLEMENTO','Bairro','0','0','0','0','0'),(84,'SUMIDOURO','3305703','00.000.000/0000-00','2013-11-20 18:32:21','2013-11-20 18:32:21','LOGRADOURO','NUMERO','COMPLEMENTO','Bairro','0','0','0','0','0'),(85,'TANGUA','3305752','00.000.000/0000-00','2013-11-20 18:32:21','2013-11-20 18:32:21','LOGRADOURO','NUMERO','COMPLEMENTO','Bairro','0','0','0','0','0'),(86,'TERESOPOLIS','3305802','00.000.000/0000-00','2013-11-20 18:32:21','2013-11-20 18:32:21','LOGRADOURO','NUMERO','COMPLEMENTO','Bairro','0','0','0','0','0'),(87,'TRAJANO DE MORAIS','3305901','00.000.000/0000-00','2013-11-20 18:32:21','2013-11-20 18:32:21','LOGRADOURO','NUMERO','COMPLEMENTO','Bairro','0','0','0','0','0'),(88,'TRES RIOS','3306008','00.000.000/0000-00','2013-11-20 18:32:21','2013-11-20 18:32:21','LOGRADOURO','NUMERO','COMPLEMENTO','Bairro','0','0','0','0','0'),(89,'VALENCIA','3306107','00.000.000/0000-00','2013-11-20 18:32:21','2013-11-26 05:13:21','LOGRADOURO','NUMERO','COMPLEMENTO','Bairro','0','0','0','0','0'),(90,'VARRE-SAI','3306156','00.000.000/0000-00','2013-11-20 18:32:21','2013-11-20 18:32:21','LOGRADOURO','NUMERO','COMPLEMENTO','Bairro','0','0','0','0','0'),(91,'VASSOURAS','3306206','00.000.000/0000-00','2013-11-20 18:32:21','2013-11-20 18:32:21','LOGRADOURO','NUMERO','COMPLEMENTO','Bairro','0','0','0','0','0'),(92,'VOLTA REDONDA','3306305','00.000.000/0000-00','2013-11-20 18:32:21','2013-11-20 18:32:21','LOGRADOURO','NUMERO','COMPLEMENTO','Bairro','0','0','0','0','0');
/*!40000 ALTER TABLE `counties` ENABLE KEYS */;
UNLOCK TABLES;

--
-- Table structure for table `form_sections`
--

DROP TABLE IF EXISTS `form_sections`;
/*!40101 SET @saved_cs_client     = @@character_set_client */;
/*!40101 SET character_set_client = utf8 */;
CREATE TABLE `form_sections` (
  `id` int(11) NOT NULL AUTO_INCREMENT,
  `name` varchar(255) DEFAULT NULL,
  `form_section_id` int(11) DEFAULT NULL,
  `order` int(11) DEFAULT NULL,
  `created_at` datetime DEFAULT NULL,
  `updated_at` datetime DEFAULT NULL,
  PRIMARY KEY (`id`),
  KEY `index_form_sections_on_form_section_id` (`form_section_id`)
) ENGINE=InnoDB AUTO_INCREMENT=8 DEFAULT CHARSET=utf8;
/*!40101 SET character_set_client = @saved_cs_client */;

--
-- Dumping data for table `form_sections`
--

LOCK TABLES `form_sections` WRITE;
/*!40000 ALTER TABLE `form_sections` DISABLE KEYS */;
INSERT INTO `form_sections` VALUES (1,'1° VISITA AO MUNICÍPIO',NULL,1,'2013-11-26 01:20:15','2013-12-05 21:38:17'),(2,'1° VISITA AS COOPERATIVAS/ASSOCIAÇÕES',1,2,'2013-11-26 01:23:04','2013-12-05 21:39:24'),(3,'1° LEVANTAMENTO DOS CATADORES DE COOPERATIVAS/ ASSOCIAÇÃO',2,3,'2013-11-26 01:23:30','2013-12-05 21:38:57'),(4,'AÇÕES / ATIVIDADES DO PROGRAMA',NULL,4,'2013-11-26 01:23:49','2013-11-26 01:24:08'),(5,'LEVANTAMENTOS DE DADOS',3,5,'2013-11-26 01:24:21','2013-11-26 01:24:21'),(6,'COLETA DE DADOS MENSAL',5,6,'2013-11-26 01:24:34','2013-11-26 01:24:34'),(7,'MONITORAMENTOS ANUAL',5,7,'2013-11-26 01:24:48','2013-11-26 01:24:48');
/*!40000 ALTER TABLE `form_sections` ENABLE KEYS */;
UNLOCK TABLES;

--
-- Table structure for table `oficio_prefeituras`
--

DROP TABLE IF EXISTS `oficio_prefeituras`;
/*!40101 SET @saved_cs_client     = @@character_set_client */;
/*!40101 SET character_set_client = utf8 */;
CREATE TABLE `oficio_prefeituras` (
  `id` int(11) NOT NULL AUTO_INCREMENT,
  `name` varchar(255) DEFAULT NULL,
  `description` text,
  `data_registro` date DEFAULT NULL,
  `name_resp` varchar(255) DEFAULT NULL,
  `created_at` datetime DEFAULT NULL,
  `updated_at` datetime DEFAULT NULL,
  `county_id` int(11) DEFAULT NULL,
  `archive_file_name` varchar(255) DEFAULT NULL,
  `archive_content_type` varchar(255) DEFAULT NULL,
  `archive_file_size` int(11) DEFAULT NULL,
  `archive_updated_at` datetime DEFAULT NULL,
  PRIMARY KEY (`id`)
) ENGINE=InnoDB AUTO_INCREMENT=3 DEFAULT CHARSET=utf8;
/*!40101 SET character_set_client = @saved_cs_client */;

--
-- Dumping data for table `oficio_prefeituras`
--

LOCK TABLES `oficio_prefeituras` WRITE;
/*!40000 ALTER TABLE `oficio_prefeituras` DISABLE KEYS */;
INSERT INTO `oficio_prefeituras` VALUES (1,'Oficio Rio de Janeiro','O Oficio foi liberado com muito sacrificio','2013-11-26','Dr. João dos Oficios','2013-11-26 04:48:13','2013-12-05 20:12:57',68,'ANEXO_TECNICO_CEPERJ_HOSPEDAGEM.docx','application/vnd.openxmlformats-officedocument.wordprocessingml.document',132880,'2013-12-05 20:12:57'),(2,'Oficio','OFICIIO NUMERO - CONSEGUIDO COM DIFUCLDA','2013-11-26','PREFEITO jOAO DIAS','2013-11-26 12:51:10','2013-11-26 12:51:10',2,NULL,NULL,NULL,NULL);
/*!40000 ALTER TABLE `oficio_prefeituras` ENABLE KEYS */;
UNLOCK TABLES;

--
-- Table structure for table `people`
--

DROP TABLE IF EXISTS `people`;
/*!40101 SET @saved_cs_client     = @@character_set_client */;
/*!40101 SET character_set_client = utf8 */;
CREATE TABLE `people` (
  `id` int(11) NOT NULL AUTO_INCREMENT,
  `user_id` int(11) DEFAULT NULL,
  `created_at` datetime DEFAULT NULL,
  `updated_at` datetime DEFAULT NULL,
  `name` varchar(255) DEFAULT NULL,
  PRIMARY KEY (`id`),
  KEY `index_people_on_user_id` (`user_id`)
) ENGINE=InnoDB AUTO_INCREMENT=4 DEFAULT CHARSET=utf8;
/*!40101 SET character_set_client = @saved_cs_client */;

--
-- Dumping data for table `people`
--

LOCK TABLES `people` WRITE;
/*!40000 ALTER TABLE `people` DISABLE KEYS */;
INSERT INTO `people` VALUES (1,1,'2013-11-20 18:32:19','2013-11-20 18:32:19','Desenvolvimento'),(3,2,'2013-11-21 17:00:12','2013-11-21 17:00:12','Entrevistador 1');
/*!40000 ALTER TABLE `people` ENABLE KEYS */;
UNLOCK TABLES;

--
-- Table structure for table `questions`
--

DROP TABLE IF EXISTS `questions`;
/*!40101 SET @saved_cs_client     = @@character_set_client */;
/*!40101 SET character_set_client = utf8 */;
CREATE TABLE `questions` (
  `id` int(11) NOT NULL AUTO_INCREMENT,
  `section_id` int(11) DEFAULT NULL,
  `multiple_answer` tinyint(1) DEFAULT NULL,
  `code` varchar(255) DEFAULT NULL,
  `content` varchar(255) DEFAULT NULL,
  `help_block` varchar(255) DEFAULT NULL,
  `css_class` varchar(255) DEFAULT NULL,
  `created_at` datetime DEFAULT NULL,
  `updated_at` datetime DEFAULT NULL,
  `clear_question` tinyint(1) DEFAULT NULL,
  PRIMARY KEY (`id`),
  KEY `index_questions_on_section_id` (`section_id`)
) ENGINE=InnoDB AUTO_INCREMENT=454 DEFAULT CHARSET=utf8;
/*!40101 SET character_set_client = @saved_cs_client */;

--
-- Dumping data for table `questions`
--

LOCK TABLES `questions` WRITE;
/*!40000 ALTER TABLE `questions` DISABLE KEYS */;
INSERT INTO `questions` VALUES (2,1,0,'IDQ02','Nome do pesquisador/Técnico do PCSS/INEA:','','col-md-12','2013-11-20 18:47:31','2013-11-26 04:14:53',0),(3,2,0,'PM01','Código do Município:','','col-md-4','2013-11-20 19:04:48','2013-11-20 19:08:04',0),(4,2,0,'PM02','Município:','','col-md-8','2013-11-20 19:05:03','2013-11-20 19:05:03',1),(5,2,0,'PM03','CNPJ da Prefeitura:','','col-md-12','2013-11-20 19:08:40','2013-11-20 19:08:40',1),(6,2,0,'PM04','Endereço da Prefeitura','','','2013-11-20 19:08:54','2013-11-20 19:24:50',0),(7,2,0,'PM04.1','Logradouro da Prefeitura:','','col-md-offset-1 col-md-11','2013-11-20 19:09:12','2013-11-20 19:09:49',0),(8,2,0,'PM04.2','Número:','','col-md-offset-1 col-md-4','2013-11-20 19:09:35','2013-11-20 19:10:02',0),(9,2,0,'PM04.3','Complemento:','','col-md-7','2013-11-20 19:13:21','2013-11-20 19:16:17',0),(10,2,0,'PM04.4','Bairro:','','col-md-offset-1 col-md-11','2013-11-20 19:13:42','2013-11-20 19:22:21',1),(11,2,0,'PM05','População total do Município:','','','2013-11-20 19:17:28','2013-11-20 19:24:37',0),(12,2,0,'PM05.1','População Total:','','col-md-offset-1 col-md-4','2013-11-20 19:17:50','2013-11-20 19:17:50',0),(13,2,0,'PM05.2','População Urbana:','','col-md-7','2013-11-20 19:18:10','2013-11-20 19:28:21',1),(14,2,0,'PM06','Extensão Territorial (Km²):','','col-md-12','2013-11-20 19:26:54','2013-11-20 19:28:02',0),(16,2,0,'PM08','Índice de Destinação Final de Resíduos Sólidos Urbanos (IDL) – ICMS Ecológico:','','col-md-12','2013-11-20 19:28:54','2013-11-20 19:28:54',1),(17,2,0,'PM09','N° de bairros:','','col-md-12','2013-11-20 19:29:08','2013-11-20 19:29:08',1),(18,2,0,'PM10','Dados do responsável pelas informações:','','col-md-12','2013-11-20 19:29:30','2013-11-20 19:29:58',0),(19,2,0,'PM10.1','Nome do responsável pela informação:','','col-md-offset-1 col-md-11','2013-11-20 19:29:48','2013-11-20 19:29:48',0),(20,2,0,'PM10.2','Órgão:','','col-md-offset-1 col-md-11','2013-11-20 19:30:29','2013-11-20 19:30:29',0),(21,2,0,'PM10.3','Cargo do responsável pela informação:','','col-md-offset-1 col-md-11','2013-11-20 19:30:43','2013-11-20 19:30:43',0),(22,2,0,'PM10.4','Telefone (DDD+Número):','','col-md-offset-1 col-md-11','2013-11-20 19:30:58','2013-11-20 19:30:58',0),(23,2,0,'PM10.5','E-mail/endereço eletrônico do responsável pela informação:','','col-md-offset-1 col-md-11','2013-11-20 19:31:12','2013-11-20 19:31:12',0),(24,3,0,'GM01','O município possui Conselho de Meio Ambiente?','','col-md-12','2013-11-20 19:38:40','2013-11-20 19:38:40',1),(25,3,0,'GM01.1','Qual o número da Lei/ Decreto?','','col-md-offset-1 col-md-11','2013-11-20 19:38:55','2013-11-20 19:38:55',1),(26,3,0,'GM02','O município possui Fundo de Meio Ambiente?','','col-md-12','2013-11-20 19:39:15','2013-11-20 19:44:06',1),(27,3,0,'GM02.1','Qual o número da Lei/ Decreto?','','col-md-offset-1 col-md-11','2013-11-20 19:39:27','2013-11-20 19:39:27',1),(28,3,0,'GM03','O município possui legislação municipal que garanta as aplicações do ICMS Ecológico no Fundo Municipal de Meio Ambiente?','','col-md-12','2013-11-20 19:39:59','2013-11-20 19:43:43',1),(29,3,0,'GM03.1','Qual o número da Lei/ Decreto?','','col-md-offset-1 col-md-11','2013-11-20 19:40:13','2013-11-20 19:40:13',1),(30,3,0,'GM04','O município possui Código de Meio Ambiente?','','col-md-12','2013-11-20 19:40:27','2013-11-20 19:40:27',1),(31,3,0,'GM04.1','Qual o número da Lei/ Decreto?','','col-md-offset-1 col-md-11','2013-11-20 19:40:41','2013-11-20 19:40:41',1),(32,3,0,'GM05','O município possui legislação específica de Resíduos Sólidos?','','col-md-12','2013-11-20 19:40:58','2013-11-20 19:40:58',1),(33,3,0,'GM05.1','Lei/ Decreto de coleta seletiva','','col-md-offset-1 col-md-11','2013-11-20 19:41:16','2013-11-20 19:41:16',1),(34,3,0,'GM05.1.1','Número da lei/ Decreto:','','col-md-offset-2 col-md-10','2013-11-20 19:41:51','2013-11-20 19:41:51',1),(35,3,0,'GM05.2','Lei/ Decreto de grandes geradores','','col-md-offset-1 col-md-11','2013-11-20 19:42:04','2013-11-20 19:42:04',1),(36,3,0,'GM05.2.1','Número da lei/ Decreto:','','col-md-offset-2 col-md-10','2013-11-20 19:42:15','2013-11-20 19:42:15',1),(37,3,0,'GM05.3','Lei/Decreto Órgãos Públicos municipais','','col-md-offset-1 col-md-11','2013-11-20 19:42:31','2013-11-20 19:42:31',1),(38,3,0,'GM05.3.1','Número da lei/ Decreto:','','col-md-offset-2 col-md-10','2013-11-20 19:42:52','2013-11-20 19:42:52',0),(39,4,0,'QF01','Setor responsável pela Gestão da Limpeza Urbana no Município:','','col-md-12','2013-11-21 17:03:59','2013-11-21 17:03:59',1),(40,4,0,'QF01.1','Nome do responsável pela Gestão da Limpeza Urbana no Município:','','col-md-offset-1 col-md-11','2013-11-21 17:04:21','2013-11-21 17:04:21',1),(41,4,0,'QF01.2','Telefone do responsável pela Gestão da Limpeza Urbana no Município (DDD+Número):','','col-md-offset-1 col-md-11','2013-11-21 17:04:48','2013-11-21 17:04:48',1),(42,4,0,'QF01.3','Tipo de vínculo:','','col-md-offset-1 col-md-11','2013-11-21 17:05:02','2013-11-21 17:05:02',1),(43,4,0,'QF02','Quantidade de profissionais envolvidos no serviço de limpeza urbana do município no ano anterior:','','col-md-12','2013-11-21 17:05:16','2013-11-21 17:05:16',0),(44,5,0,'CS01','Existem meios de comunicação (e-mail ou telefone) disponíveis para a população e geradores realizarem   reclamações, sugestões, consultas sobre a:','','col-md-12','2013-11-21 17:12:51','2013-11-21 17:12:51',1),(45,5,0,'CS01.1','Gestão de Resíduos Sólidos (domiciliares, comércio, limpeza de logradouros)?','','col-md-offset-1 col-md-11','2013-11-21 17:13:04','2013-11-21 17:13:04',1),(46,5,0,'CS01.1.1','Indique quais (admite mais de uma resposta):','','col-md-offset-2 col-md-10','2013-11-21 17:13:20','2013-11-21 17:13:20',1),(47,5,0,'CS01.2','Gestão de Coleta Seletiva?','','col-md-offset-1 col-md-11','2013-11-21 17:13:29','2013-11-21 17:13:29',1),(48,5,0,'CS01.2.1','Indique quais (admite mais de uma resposta):','','col-md-offset-2 col-md-10','2013-11-21 17:13:43','2013-11-21 17:13:43',1),(49,5,0,'CS02',' Existe um funcionário responsável pelo gerenciamento deste(s) canal(is) de comunicação?','','col-md-12','2013-11-21 17:13:58','2013-11-21 17:13:58',1),(50,5,0,'CS02.1','Nome do funcionário responsável pelo gerenciamento deste(s) canal(is) de comunicação:','','col-md-offset-1 col-md-11','2013-11-21 17:14:08','2013-11-21 17:14:08',1),(51,5,0,'CS02.2','Telefone do funcionário responsável pelo gerenciamento deste(s) canal(is) de comunicação:','','col-md-offset-1 col-md-11','2013-11-21 17:14:20','2013-11-21 17:15:12',1),(52,5,0,'CS02.3','Tipo de vínculo:','','col-md-offset-1 col-md-11','2013-11-21 17:14:32','2013-11-21 17:14:44',1),(53,5,0,'CS03','Quais as instancias de Controle Social estão inseridas no processo de Gestão de Resíduos Sólidos no   município (admite mais de uma resposta)?','','col-md-12','2013-11-21 17:14:59','2013-11-21 17:14:59',0),(54,6,0,'RSU01','O município faz parte de algum consórcio intermunicipal para destino final de RSU?','','col-md-12','2013-11-21 17:27:00','2013-11-21 17:27:00',1),(55,6,0,'RSU01.1','Qual o nome do consórcio?','','col-md-offset-1 col-md-11','2013-11-21 17:27:09','2013-11-21 17:27:09',1),(56,6,0,'RSU01.2','Qual o tipo do consórcio intermunicipal?','','col-md-offset-1 col-md-11','2013-11-21 17:27:19','2013-11-21 17:27:19',1),(57,6,0,'RSU01.3','Qual o status do consórcio intermunicipal?','','col-md-offset-1 col-md-11','2013-11-21 17:27:30','2013-11-21 17:27:30',1),(58,6,0,'RSU01.4','CNPJ do consórcio:','','col-md-offset-1 col-md-11','2013-11-21 17:27:41','2013-11-21 17:27:41',1),(59,6,0,'RSU01.5','Nome do município sede do consórcio:','','col-md-offset-1 col-md-11','2013-11-21 17:27:52','2013-11-21 17:27:52',1),(60,6,0,'RSU02','Qual é a quantidade de Resíduos Sólidos coletados no município no ano anterior?','','col-md-12','2013-11-21 17:28:15','2013-11-21 17:28:15',1),(61,6,0,'RSU02.1','Toneladas / dia:','','col-md-offset-1 col-md-11','2013-11-21 17:28:26','2013-11-21 17:28:26',1),(62,6,0,'RSU02.2','Toneladas / mês:','','col-md-offset-1 col-md-11','2013-11-21 17:28:36','2013-11-21 17:28:36',1),(63,6,0,'RSU03','Cobertura do serviço de coleta domiciliar de Resíduos Sólidos no município?','','col-md-12','2013-11-21 17:28:48','2013-11-21 17:28:48',1),(64,6,0,'RSU03.1','Nº de domicílios com coleta domiciliar:','','col-md-offset-1 col-md-11','2013-11-21 17:28:56','2013-11-21 17:28:56',1),(65,6,0,'RSU04','Quem é o responsável pelo serviço de coleta regular de Resíduos Sólidos no município (admite mais de uma resposta)?','','','2013-11-21 17:29:12','2013-11-21 17:29:12',1),(66,6,0,'RSU04.1','Nome da Empresa:','','col-md-offset-1 col-md-11','2013-11-21 17:29:23','2013-11-21 17:29:23',1),(67,6,0,'RSU05','Informe a quantidade média de resíduos sólidos enviados a cada uma das destinações finais abaixo no ano   anterior:','','col-md-offset-1 col-md-11','2013-11-21 17:29:40','2013-11-21 17:29:40',0),(72,7,0,'CS01','Existe de coleta seletiva no município?','','col-md-12','2013-11-22 11:14:35','2013-11-22 11:14:35',1),(73,7,0,'CS01.1','Informe o nome do setor responsável e o ano de início:','','col-md-offset-1 col-md-11','2013-11-22 11:14:47','2013-11-22 11:14:47',0),(74,7,0,'CS01.1.1','Nome do setor responsável:','','col-md-offset-2 col-md-10','2013-11-22 11:15:30','2013-11-22 11:15:30',1),(75,7,0,'CS01.1.2','Ano de início:','','col-md-offset-2 col-md-5','2013-11-22 11:16:38','2013-11-22 11:22:17',0),(76,7,0,'CS01.1.3','Ano de interrupção:','','col-md-5','2013-11-22 11:16:54','2013-11-22 11:22:25',1),(77,7,0,'CS01.2','Qual era a instituição responsável?','','col-md-offset-1 col-md-11','2013-11-22 11:17:07','2013-11-22 11:17:07',1),(78,7,0,'CS01.2.1','Se outro, especifique:','','col-md-offset-2 col-md-10','2013-11-22 11:17:23','2013-11-22 11:17:23',1),(79,7,0,'CS01.3','Qual era o sistema de coleta seletiva adotado (admite mais de uma resposta)?','','col-md-offset-1 col-md-11','2013-11-22 11:17:38','2013-11-22 11:17:38',1),(80,7,0,'CS01.4','No caso da coleta seletiva ter sido feita no porta a porta, informe o número de bairros atendidos:','','col-md-offset-1 col-md-11','2013-11-22 11:17:57','2013-11-22 11:17:57',1),(81,7,0,'CS01.5','No caso da coleta seletiva ter sido feita no porta a porta, informe o número de domicílios atendidos:','','col-md-offset-1 col-md-11','2013-11-22 11:18:15','2013-11-22 11:18:15',1),(82,7,0,'CS02','Existem Catadores de Materiais Recicláveis atuando no município?','','col-md-12','2013-11-22 11:18:26','2013-11-22 11:18:26',1),(83,7,0,'CS03','Existem Cooperativas/Associações de Catadores atuando no território municipal?','','col-md-12','2013-11-22 11:18:36','2013-11-22 11:18:36',1),(84,7,0,'CS03.1','Se a Prefeitura possui cadastro, indique quantas estão no cadastro atualmente:','','col-md-offset-1 col-md-11','2013-11-22 11:18:48','2013-11-22 11:18:48',1),(85,7,0,'CS04','Existe uma relação formalizada entre a(s) Cooperativa(s)/Associação(ões) de Catadores e o município?','','col-md-12','2013-11-22 11:19:04','2013-11-22 11:19:04',1),(86,7,0,'CS04.1','Qual o tipo de vínculo?','','col-md-offset-1 col-md-11','2013-11-22 11:19:15','2013-11-22 11:19:15',1),(87,7,0,'CS05','Existem sucateiros/ atravessadores atuando no território do município?','','col-md-12','2013-11-22 11:19:26','2013-11-22 11:19:26',1),(88,7,0,'CS06','Atualmente, existe cadastro de domicílios atendidos pela Coleta Seletiva Municipal?','','col-md-12','2013-11-22 11:19:36','2013-11-22 11:19:36',1),(89,7,0,'CS06.1','Quantos domicílios são cadastrados?','','col-md-offset-1 col-md-11','2013-11-22 11:19:46','2013-11-22 11:19:46',0),(90,8,0,'CSS01','Na visão da atual administração da Prefeitura, quando o programa municipal de coleta seletiva for implantado,   qual Instituição deverá ser responsável pelo mesmo?','','col-md-12','2013-11-22 11:32:52','2013-11-22 11:32:52',1),(91,8,0,'CSS02','Na visão da atual administração da Prefeitura, qual deveria ser o sistema de coleta seletiva adotado pelo   programa municipal (admite mais de uma resposta) ?','','col-md-12','2013-11-22 11:33:08','2013-11-22 11:33:08',1),(92,8,0,'CSS02.1','No caso da coleta seletiva ser feita no porta a porta, qual será a área piloto (especificar o bairro)?','','col-md-offset-1 col-md-11','2013-11-22 11:33:18','2013-11-22 11:33:18',1),(93,8,0,'CSS02.1.1','Especifique o bairro:','','col-md-offset-1 col-md-11','2013-11-22 11:33:28','2013-11-22 11:33:28',0),(94,9,0,'IEA01','Existem galpões para a triagem dos recicláveis disponíveis no município:','','col-md-12','2013-11-22 11:37:21','2013-11-22 11:37:21',0),(95,9,0,'IEA02','Indique o número de galpões para a triagem dos recicláveis disponíveis no município:','','col-md-12','2013-11-22 11:37:30','2013-11-22 11:37:30',0),(96,9,0,'IEA02.1','Indique as áreas:','','col-md-offset-1 col-md-11','2013-11-22 11:37:40','2013-11-22 11:37:40',1),(97,9,0,'IEA02.2','Indique o número de galpões que possuem os seguintes itens listados abaixo:','','col-md-offset-1 col-md-11','2013-11-22 11:37:51','2013-11-22 11:37:51',1),(98,9,0,'IEA02.3','Proprietários dos galpões (admite mais de uma resposta):','','col-md-offset-1 col-md-11','2013-11-22 11:38:02','2013-11-22 11:38:02',1),(99,9,0,'IEA03','Indique a quantidade de equipamentos/veículos que o município dispõe para ser utilizado na coleta seletiva:','','col-md-12','2013-11-22 11:38:14','2013-11-22 11:38:14',0),(100,10,0,'IA01','Qual o orçamento anual do município (ano anterior)?','','col-md-12','2013-11-22 11:38:29','2013-11-22 11:38:29',0),(101,10,0,'IA02','Investimento financeiro mensal em Coleta e Disposição Final de RSU no ano anterior:','','col-md-12','2013-11-22 11:38:39','2013-11-22 11:38:39',0),(102,11,0,'FDR01','O município possui programas e ações especiais para coleta, tratamento e disposição final dos resíduos   sólidos gerados em seu território?','','col-md-12','2013-11-22 12:04:17','2013-11-22 12:04:17',1),(103,11,0,'FDR01.1','Se sim, Indique para quais tipos de resíduos o município possui programas e ações especiais para coleta,   tratamento e disposição final (admite mais de uma resposta):','','col-md-offset-1 col-md-11','2013-11-22 12:04:35','2013-11-22 12:04:35',0),(104,12,0,'PP01','Indique a quantidade de:','','col-md-12','2013-11-22 12:06:49','2013-11-22 12:06:49',0),(106,15,0,'123','teste','','col-md-12','2013-11-26 02:51:47','2013-11-26 02:51:47',NULL),(108,17,0,'test','teste','','col-md-12','2013-11-26 02:53:23','2013-11-26 02:53:23',NULL),(111,20,0,'rt','hrththrth','','col-md-12','2013-11-26 02:55:10','2013-11-26 02:55:10',NULL),(114,23,0,'q1','rqwerqer','','col-md-12','2013-11-26 03:06:37','2013-11-26 03:06:37',NULL),(116,25,0,'w','qwqq','','col-md-12','2013-11-26 03:08:02','2013-11-26 03:08:02',NULL),(119,28,1,'B34','O que esta acontecnendo ? ','','','2013-11-26 12:19:48','2013-11-26 12:19:48',NULL),(123,29,0,'IDQ01','Número do questionário','','col-md-4','2014-02-06 22:17:29','2014-02-06 22:22:55',NULL),(124,29,0,'IDQ02','Nome do pesquisador/ técnico do PCSS/ INEA','','col-md-8','2014-02-06 22:18:43','2014-02-06 22:23:04',NULL),(125,30,0,'IDC01','Código do Município','','col-md-4','2014-02-06 22:23:44','2014-02-06 22:23:44',NULL),(126,30,0,'IDC02','Município','','col-md-8','2014-02-06 22:24:05','2014-02-06 22:24:05',NULL),(127,31,1,'LIS','LISTA DE COOPERATIVAS/ASSOCIAÇÕES','','col-md-12','2014-02-06 23:25:29','2014-02-06 23:32:52',NULL),(128,32,0,'IDQ01','Nome do pesquisador/Técnico do PCSS/INEA:','','col-md-12','2014-02-07 00:20:16','2014-02-07 00:20:16',NULL),(129,33,0,'IDC01','Código do Município','','col-md-4','2014-02-07 00:22:29','2014-02-07 00:22:29',NULL),(130,33,0,'IDC02','Município','','col-md-8','2014-02-07 00:23:27','2014-02-07 00:23:27',NULL),(131,34,1,'LIS','LISTA DAS ESCOLAS PÚBLICAS','','col-md-12','2014-02-07 00:25:18','2014-02-07 00:25:18',NULL),(132,35,0,'IDQ01','Nome do pesquisador/Técnico do PCSS/INEA:','','col-md-12','2014-02-09 12:59:08','2014-02-09 12:59:08',NULL),(133,36,0,'IDC01','Código do Município','','col-md-4','2014-02-09 12:59:52','2014-02-09 12:59:52',NULL),(134,36,0,'IDC02','Município','','col-md-8','2014-02-09 13:00:07','2014-02-09 13:00:07',NULL),(135,37,1,'LIS','LISTA DAS ESCOLAS PÚBLICAS','','col-md-12','2014-02-09 13:32:27','2014-02-09 13:32:27',NULL),(136,38,0,'IDQ01','Nome do pesquisador técnico do PCSS/ INEA','','col-md-12','2014-02-09 14:02:15','2014-02-09 14:02:15',NULL),(137,39,0,'IDC01','Código do Município','','col-md-4','2014-02-09 14:03:02','2014-02-09 14:03:02',NULL),(138,39,0,'IDC02','Município','','col-md-8','2014-02-09 14:03:16','2014-02-09 14:11:28',1),(139,39,0,'IDC03','Nome da Cooperativa/Associação','','col-md-12','2014-02-09 14:03:25','2014-02-09 14:07:52',1),(156,47,0,'IDQ01','Nome do TÉCNICO DO PCSS/ INEA','','col-md-12','2014-02-09 14:59:59','2014-02-09 14:59:59',0),(157,48,0,'IDC01','Código do Município','','col-md-4','2014-02-09 15:00:36','2014-02-09 15:00:36',0),(158,48,0,'IDC02','Município','','col-md-8','2014-02-09 15:00:48','2014-02-09 15:00:48',1),(159,48,0,'IDC03','Nome da Cooperativa/Associação','','col-md-12','2014-02-09 15:00:59','2014-02-09 15:00:59',0),(160,49,1,'LIS','LISTA DAS ESCOLAS PÚBLICAS','','col-md-12','2014-02-09 15:04:40','2014-02-09 15:04:45',1),(161,50,0,'IDQ01','Nome do pesquisador/técnico do PCSS/INEA','','col-md-12','2014-02-09 15:29:30','2014-02-09 15:29:30',1),(162,51,0,'LOC01','Código do Município','','col-md-4','2014-02-09 15:30:19','2014-02-09 15:35:18',0),(163,51,0,'LOC02','Município','','col-md-8','2014-02-09 15:30:39','2014-02-09 15:30:39',1),(164,52,0,'DG01','Nome da Instituição','','col-md-12','2014-02-09 15:32:03','2014-02-09 15:32:03',1),(165,52,0,'DG02','Endereço','','col-md-12','2014-02-09 15:32:10','2014-02-09 15:32:10',1),(166,52,0,'DG02.1','Bairro','','col-md-12','2014-02-09 15:32:27','2014-02-09 15:32:27',1),(167,52,0,'DG03','Responsável pelo preenchimento','','col-md-12','2014-02-09 15:32:42','2014-02-09 15:32:42',1),(168,52,0,'DG03.1','Cargo','','col-md-6','2014-02-09 15:32:55','2014-02-09 15:32:55',0),(169,52,0,'DG03.2','Telefone (DDD+Número)','','col-md-6','2014-02-09 15:33:08','2014-02-09 15:33:08',1),(170,52,0,'DG03.3','E-mail','','col-md-12','2014-02-09 15:33:19','2014-02-09 15:33:19',1),(171,52,0,'DGE04','Turno(s) de funcionamento da instituição(admite mais de uma resposta)','','col-md-12','2014-02-09 15:34:40','2014-02-09 15:34:40',1),(172,53,0,'IF01','Quantidade de prédios (nº de prédios em que a instituição está instalada)','','col-md-12','2014-02-09 16:00:18','2014-02-09 16:00:18',1),(173,53,0,'IF02','Número de andares ocupados pela instituição','','col-md-12','2014-02-09 16:00:29','2014-02-09 16:00:29',1),(174,53,0,'IF03','Número de salas ocupadas pela instituição','','col-md-12','2014-02-09 16:00:40','2014-02-09 16:00:40',1),(175,53,0,'IF04','Existe uma área destinada para os resíduos sólidos recicláveis descartados, ficarem armazenados temporariamente até o momento da coleta?','','col-md-12','2014-02-09 16:00:56','2014-02-09 16:01:24',1),(176,53,0,'IF04.1','Se sim, essa área é coberta?','','col-md-11 col-md-offset-1','2014-02-09 16:01:14','2014-02-09 16:01:14',1),(177,54,0,'RH01','Número total de funcionários','','col-md-12','2014-02-09 16:08:46','2014-02-09 16:08:46',1),(178,54,0,'RH02','O(s) prédio(s) tem síndico?    ','','col-md-12','2014-02-09 16:08:54','2014-02-09 16:08:54',1),(179,54,0,'RH02.1 ','Nome','','col-md-11 col-md-offset-1','2014-02-09 16:09:05','2014-02-09 16:09:05',1),(180,54,0,'RH02.2','Telefone (DDD+Número)','','col-md-11 col-md-offset-1','2014-02-09 16:09:25','2014-02-09 16:09:25',1),(181,54,0,'RH02.3','Este telefone é da instituição?','','col-md-11 col-md-offset-1','2014-02-09 16:09:36','2014-02-09 16:09:36',1),(182,54,0,'RH03','Número de funcionários na limpeza','','col-md-12','2014-02-09 16:09:46','2014-02-09 16:09:46',1),(183,54,0,'RH04','A empresa que faz a limpeza é?','','col-md-12','2014-02-09 16:10:02','2014-02-09 16:10:02',1),(184,54,0,'RH05','Data base do contrato com a empresa de limpeza (mm/aaaa):','','col-md-12','2014-02-09 16:10:16','2014-02-09 16:10:16',1),(185,55,0,'PGR01','Quais são os tipos de resíduos gerados no prédio (admite mais de uma resposta)?','','col-md-12','2014-02-09 16:16:26','2014-02-09 16:16:26',1),(186,55,0,'PGR02','Dentre estes, qual o tipo de resíduo gerado em maior quantidade?','','col-md-12','2014-02-09 16:16:41','2014-02-09 16:16:41',1),(187,55,0,'PGR03','Os resíduos gerados na instituição são quantificados?','','col-md-12','2014-02-09 16:16:51','2014-02-09 16:16:51',1),(188,55,0,'PGR03.1','Se sim, como é feita esta quantificação?','','col-md-11 col-md-offset-1','2014-02-09 16:17:02','2014-02-09 16:17:02',1),(189,55,0,'PGR04','Existe na instituição (admite mais de uma resposta)','','col-md-12','2014-02-09 16:17:13','2014-02-09 16:17:13',1),(190,55,0,'PGR05','O lixo desta instituição é','','col-md-12','2014-02-09 16:17:23','2014-02-09 16:17:23',1),(191,55,0,'PGR06','A instituição tem algum programa de redução de resíduos? (A3P: Agenda Ambiental na Administração Pública; 3Rs: Reduzir, Reutilizar, Reciclar; etc)','','col-md-12','2014-02-09 16:17:32','2014-02-09 16:17:32',1),(192,55,0,'PGR07','A instituição tem bens patrimoniados, enquadrados no decreto 99.658/90 (Anexo 3.2 do Manual de Campo), dos quais precisa se desfazer? ','','col-md-12','2014-02-09 16:17:41','2014-02-09 16:17:41',1),(193,55,0,'PGR07.1','Se sim, quais (admite mais de uma resposta)?','','col-md-11 col-md-offset-1','2014-02-09 16:17:53','2014-02-09 16:17:53',1),(194,56,0,'GRS01','A instituição conhece o Decreto Estadual 40.645/07 (Anexo 4.3 do Manual de Campo)? ','','col-md-12','2014-02-09 16:34:11','2014-02-09 16:34:11',1),(195,56,0,'GRS02','Os funcionários realizam a separação de materiais recicláveis independente de haver um programa de coleta seletiva?','','col-md-12','2014-02-09 16:34:19','2014-02-09 16:34:19',1),(196,56,0,'GRS03','Existe alguma destinação para os materiais recicláveis? ','','col-md-12','2014-02-09 16:34:27','2014-02-09 16:34:27',1),(197,56,0,'GRE04','Existem Associações/Cooperativas de Catadores próximas à instituição?','','col-md-12','2014-02-09 16:34:35','2014-02-09 16:34:35',1),(198,56,0,'GRE05','Existem catadores individuais (não cooperativados) coletando materiais recicláveis nas ruas próximas à instituição? ','','col-md-12','2014-02-09 16:34:43','2014-02-09 16:34:43',1),(199,56,0,'GRE06','Existe relação entre a instituição e alguma associação/cooperativa? ','','col-md-12','2014-02-09 16:34:53','2014-02-09 16:34:53',1),(200,57,0,'SCA01','A instituição possui sistema de informação interna? ','','col-md-12','2014-02-09 16:39:32','2014-02-09 16:39:32',1),(201,57,0,'SCA01.1','Indique os instrumentos de comunicação interna existentes na instituição (admite mais de uma resposta)','','col-md-11 col-md-offset-1','2014-02-09 16:39:40','2014-02-09 16:39:40',1),(202,57,0,'SCA02','A instituição promove campanhas internas? (Qualidade, Segurança do Trabalho, Semana de meio ambiente, SIPAT, etc)','','col-md-12','2014-02-09 16:39:49','2014-02-09 16:39:49',1),(203,57,0,'SCA03','Existe algum tipo de auditoria interna ou outro sistema de avaliação?                   ','','col-md-12','2014-02-09 16:40:00','2014-02-09 16:40:00',1),(204,58,0,'ENT01','Existem outras instituições próximas ao órgão público?','','col-md-12','2014-02-09 16:43:21','2014-02-09 16:43:21',1),(205,58,0,'ENT01.1 ','Se sim, indique os tipos existentes no entorno (admite mais de uma resposta)','','col-md-11 col-md-offset-1','2014-02-09 16:43:36','2014-02-09 16:43:36',1),(206,58,0,'ENT02','Acessibilidade ao prédio para coleta de resíduos – dias (admite mais de uma resposta):','','col-md-12','2014-02-09 16:43:46','2014-02-09 16:43:46',1),(207,58,0,'ENT03','Acessibilidade ao prédio para coleta de resíduos – horários (admite mais de uma resposta):','','col-md-12','2014-02-09 16:43:58','2014-02-09 16:43:58',1),(208,59,0,'IDQ01','Nome do pesquisador/técnico do PCSS/INEA','','col-md-12','2014-02-09 18:02:31','2014-02-09 18:02:31',1),(209,60,0,'LOC01','Código do Município','','col-md-4','2014-02-09 18:03:06','2014-02-09 18:04:32',0),(210,60,0,'LOC02','Município','','col-md-8','2014-02-09 18:03:21','2014-02-09 18:03:21',1),(211,61,0,'DGE01','Nome da escola','','col-md-12','2014-02-09 18:05:01','2014-02-09 18:05:01',1),(212,61,0,'DGE02.1','Logradouro da Escola','','col-md-11 col-md-offset-1','2014-02-09 18:05:13','2014-02-09 18:06:55',1),(213,61,0,'DGE02.2','Número','','col-md-4 col-md-offset-1','2014-02-09 18:05:36','2014-02-09 18:05:36',0),(214,61,0,'DGE02.3','Complemento','','col-md-4','2014-02-09 18:06:08','2014-02-09 18:06:08',0),(215,61,0,'DGE02.4','Bairro','','col-md-3','2014-02-09 18:06:42','2014-02-09 18:06:42',1),(216,61,0,'DGE03','Telefone da escola','','col-md-12','2014-02-09 18:07:16','2014-02-09 18:07:16',1),(217,61,0,'DGE04','E-mail da escola','','col-md-12','2014-02-09 18:07:24','2014-02-09 18:07:24',1),(218,61,0,'DGE05','Nome do(a) Diretor(a)','','col-md-12','2014-02-09 18:07:37','2014-02-09 18:07:37',1),(219,61,0,'DGE06','Nome do(a) Diretor(a) Adjunto','','col-md-12','2014-02-09 18:07:52','2014-02-09 18:07:52',1),(220,61,0,'DGE07','Nome do responsável pelas informações prestadas','','col-md-12','2014-02-09 18:08:01','2014-02-09 18:08:01',1),(221,61,0,'DGE07.1','Cargo','','col-md-5 col-md-offset-1','2014-02-09 18:08:27','2014-02-09 18:08:27',0),(222,61,0,'DGE07.2','Telefone (DDD+Número):','','col-md-6','2014-02-09 18:08:41','2014-02-09 18:08:41',1),(223,61,0,'DGE07.3','E-mail','','col-md-11 col-md-offset-1','2014-02-09 18:08:55','2014-02-09 18:08:55',1),(224,61,0,'DGE08','Turno(s) de funcionamento da escola (admite mais de uma resposta)','','col-md-12','2014-02-09 18:09:06','2014-02-09 18:09:06',1),(225,61,0,'DGE09','Número de','','col-md-12','2014-02-09 18:09:17','2014-02-09 18:09:17',1),(226,61,0,'DGE10','Código da Escola no Censo Escolar','','col-md-12 marginTop','2014-02-09 18:09:30','2014-02-09 19:00:53',1),(227,61,0,'DGE11','Dependência Administrativa','','col-md-12','2014-02-09 18:09:38','2014-02-09 18:09:38',1),(228,62,0,'IEF01','Quantidade de prédios que a escola possui','','col-md-12','2014-02-09 18:22:29','2014-02-09 18:22:29',1),(229,62,0,'IEF02','Número total de salas de aula','','col-md-4','2014-02-09 18:22:43','2014-02-09 18:22:43',0),(230,62,0,'IEF03','Existe biblioteca?','','col-md-4','2014-02-09 18:22:56','2014-02-09 18:22:56',0),(231,62,0,'IEF04','Existe sala de informática?','','col-md-4','2014-02-09 18:23:07','2014-02-09 18:23:07',1),(232,62,0,'IEF05','Existe uma área destinada para os resíduos ficarem armazenados temporariamente até o momento da coleta?','','col-md-12','2014-02-09 18:23:20','2014-02-09 18:23:20',1),(233,62,0,'IEF05.1','Se sim, essa área é coberta?','','col-md-11 col-md-offset-1','2014-02-09 18:23:35','2014-02-09 18:23:35',1),(234,63,0,'PGR01','Quais são os tipos de resíduos gerados na sua escola?','','col-md-12','2014-02-09 18:25:56','2014-02-09 18:25:56',1),(235,63,0,'PGR02','Os resíduos gerados na escola são quantificados?','','col-md-12','2014-02-09 18:26:06','2014-02-09 18:26:06',1),(236,63,0,'PGR02.1','Se sim, como é feita esta quantificação?','','col-md-11 col-md-offset-1','2014-02-09 18:26:19','2014-02-09 18:26:19',1),(237,63,0,'PGR03','Qual o tipo de resíduo gerado em maior quantidade?','','col-md-12','2014-02-09 18:26:32','2014-02-09 18:26:32',1),(238,63,0,'PGR04','Existe na escola (admite mais de uma resposta)','','col-md-12','2014-02-09 18:26:50','2014-02-09 18:26:50',1),(239,63,0,'PGR05','O lixo desta escola é','','col-md-12','2014-02-09 18:27:03','2014-02-09 18:27:03',1),(240,63,0,'PGR06','A escola realiza algum trabalho de reaproveitamento e/ou redução da geração de resíduos?','','col-md-12','2014-02-09 18:27:15','2014-02-09 18:27:15',1),(241,64,0,'GRE01','A escola conhece o Decreto Estadual 40.645/07 (Anexo 4.2 do Manual de Campo)? ','','col-md-12','2014-02-09 18:36:17','2014-02-09 18:36:17',1),(242,64,0,'GRE02','O serviço de limpeza da escola é terceirizado?           ','','col-md-12','2014-02-09 18:36:27','2014-02-09 18:36:27',1),(243,64,0,'GRE03','A escola pode comprar saco de lixo transparente ou azul para os recicláveis?          ','','col-md-12','2014-02-09 18:36:36','2014-02-09 18:36:36',1),(244,64,0,'GRE04','Dia(s) da semana em que os resíduos são coletados na escola (admite mais de uma resposta):','','col-md-12','2014-02-09 18:36:45','2014-02-09 18:36:45',1),(245,64,0,'GRE05','A escola faz a separação de pilhas, baterias e lâmpadas fluorescentes?','','col-md-12','2014-02-09 18:37:03','2014-02-09 18:37:03',1),(246,64,0,'GRE05.1','Se sim, existe alguma coleta especial?','','col-md-11 col-md-offset-1','2014-02-09 18:37:14','2014-02-09 18:37:14',1),(247,64,0,'GRE05.2','Se sim, qual a destinação desse material (admite mais de uma resposta)?','','col-md-11 col-md-offset-1','2014-02-09 18:40:12','2014-02-09 18:40:12',1),(248,64,0,'GRE06','A escola tem um programa de Coleta Seletiva ou destinação para os demais materiais recicláveis?','','col-md-12','2014-02-09 18:40:25','2014-02-09 18:40:25',1),(249,64,0,'GRE06.1','Se sim, indique a destinação (admite mais de uma resposta)','','col-md-11 col-md-offset-1','2014-02-09 18:40:37','2014-02-09 18:40:37',1),(250,64,0,'GRE07','A escola já possui Comissão de Coleta Seletiva Solidária?','','col-md-12','2014-02-09 18:40:48','2014-02-09 18:40:48',1),(251,64,0,'GRE07.1','Se sim, indique os dados dos membros desta comissão:','','col-md-12','2014-02-09 18:41:15','2014-02-09 18:54:04',0),(252,64,1,'GRE07.1','Se sim, indique os dados dos membros desta comissão:','','col-md-11 col-md-offset-1','2014-02-09 18:51:14','2014-02-09 18:53:57',1),(254,65,0,'GRFE01','A sua cidade possui programa municipal de coleta seletiva? ','','col-md-12','2014-02-09 18:54:45','2014-02-09 18:54:45',1),(255,65,0,'GRFE02','Existem Associações/Cooperativas de Catadores próximas à escola?','','col-md-12','2014-02-09 18:54:57','2014-02-09 18:54:57',1),(256,65,0,'GRFE03','Existem catadores individuais (não cooperativados) coletando materiais recicláveis nas ruas próximas à sua escola? ','','col-md-12','2014-02-09 18:55:07','2014-02-09 18:55:07',1),(257,65,0,'GRFE04','Existe relação entre a escola e alguma associação/cooperativas? ','','col-md-12','2014-02-09 18:55:19','2014-02-09 18:55:19',1),(258,66,0,'AP01','A escola desenvolve projetos na área ambiental?','','col-md-12','2014-02-09 18:58:30','2014-02-09 18:58:30',1),(259,66,0,'AP02','A escola realiza visitas a campo para debater a realidade local sobre as questões ambientais?','','col-md-12','2014-02-09 18:58:42','2014-02-09 18:58:42',1),(260,66,0,'AP03','Quais são os maiores desafios na implantação da coleta seletiva solidária na sua unidade escolar?','','col-md-12','2014-02-09 18:58:54','2014-02-09 18:58:54',1),(261,67,0,'IDQ01','Nome do pesquisador/técnico do PCSS/INEA','','col-md-12','2014-02-09 19:05:29','2014-02-09 19:05:29',1),(262,68,0,'LOC01','Código do Município','','col-md-4','2014-02-09 19:06:05','2014-02-09 19:06:05',0),(263,68,0,'LOC02','Município','','col-md-8','2014-02-09 19:06:15','2014-02-09 19:06:15',1),(264,69,0,'DG01','Nome da Instituição','','col-md-12','2014-02-09 19:07:18','2014-02-09 19:07:18',1),(265,69,0,'DG02','Endereço','','col-md-12','2014-02-09 19:07:25','2014-02-09 19:07:25',1),(266,69,0,'DG02.1','Bairro','','col-md-11 col-md-offset-1','2014-02-09 19:07:39','2014-02-09 19:07:39',1),(267,69,0,'DG03','Responsável pelo preenchimento','','col-md-12','2014-02-09 19:08:18','2014-02-09 19:08:18',1),(268,69,0,'DG03.1','Cargo','','col-md-6','2014-02-09 19:08:33','2014-02-09 19:08:33',0),(269,69,0,'DG03.2','Telefone (DDD+Número)','','col-md-6','2014-02-09 19:10:48','2014-02-09 19:10:48',1),(270,69,0,'DG03.3','E-mail','','col-md-12','2014-02-09 19:11:10','2014-02-09 19:11:10',1),(271,69,0,'DGE04','Turno(s) de funcionamento da instituição (admite mais de uma resposta):','','col-md-12','2014-02-09 19:11:21','2014-02-09 19:11:21',1),(272,70,0,'IF01','Quantidade de prédios (nº de prédios em que a instituição está instalada)','','col-md-12','2014-02-09 19:17:29','2014-02-09 19:17:29',1),(273,70,0,'IF02','Número de andares ocupados pela instituição','','col-md-12','2014-02-09 19:17:37','2014-02-09 19:17:37',1),(274,70,0,'IF03','Número de salas ocupadas pela instituição','','col-md-12','2014-02-09 19:17:48','2014-02-09 19:17:48',1),(275,70,0,'IF04','Existe uma área destinada para os resíduos sólidos recicláveis descartados, ficarem armazenados temporariamente até o momento da coleta?','','col-md-12','2014-02-09 19:18:01','2014-02-09 19:18:01',1),(276,70,0,'IF04.1','Se sim, essa área é coberta?','','col-md-11 col-md-offset-1','2014-02-09 19:18:13','2014-02-09 19:18:13',1),(277,71,0,'RH01','Número total de funcionários','','col-md-12','2014-02-09 19:43:35','2014-02-09 19:43:35',1),(278,71,0,'RH02','O(s) prédio(s) tem síndico?','','col-md-12','2014-02-09 19:43:55','2014-02-09 19:43:55',1),(279,71,0,'RH02.1','Nome','','col-md-11 col-md-offset-1','2014-02-09 19:44:06','2014-02-09 19:44:06',1),(280,71,0,'RH02.2','Telefone (DDD+Número)','','col-md-11 col-md-offset-1','2014-02-09 19:44:20','2014-02-09 19:44:20',1),(281,71,0,'RH02.3.','Este telefone é da instituição?','','col-md-11 col-md-offset-1','2014-02-09 19:44:32','2014-02-09 19:44:32',1),(282,71,0,'RH03','Número de funcionários na limpeza','','col-md-12','2014-02-09 19:44:42','2014-02-09 19:44:42',1),(283,71,0,'RH04','A empresa que faz a limpeza é? ','','col-md-12','2014-02-09 19:44:50','2014-02-09 19:44:50',1),(284,71,0,'RH05','Data base do contrato com a empresa de limpeza (mm/aaaa):        ','','col-md-12','2014-02-09 19:45:00','2014-02-09 19:45:00',1),(285,72,0,'PGR01','Quais são os tipos de resíduos gerados no(s) prédio(s) (admite mais de uma resposta)?           ','','col-md-12','2014-02-09 19:49:57','2014-02-09 19:49:57',1),(286,72,0,'PGR02','Dentre estes, qual o tipo de resíduo gerado em maior quantidade?','','col-md-12','2014-02-09 19:50:06','2014-02-09 19:50:06',1),(287,72,0,'PGR03','Os resíduos gerados na instituição são quantificados?','','col-md-12','2014-02-09 19:50:13','2014-02-09 19:50:13',1),(288,72,0,'PGR03.1','Se sim, como é feita esta quantificação?','','col-md-11 col-md-offset-1','2014-02-09 19:50:23','2014-02-09 19:50:23',1),(289,72,0,'PGR04','Existe na instituição (admite mais de uma resposta)','','col-md-12','2014-02-09 19:50:38','2014-02-09 19:50:38',1),(290,72,0,'PGR05','O lixo desta instituição é','','col-md-12','2014-02-09 19:50:49','2014-02-09 19:50:49',1),(291,72,0,'PGR06','A instituição tem algum programa de redução de resíduos? (A3P: Agenda Ambiental na Administração Pública; 3Rs: Reduzir, Reutilizar, Reciclar; etc)','','col-md-12','2014-02-09 19:51:03','2014-02-09 19:51:03',1),(292,72,0,'PGR07','A instituição tem bens patrimoniados, enquadrados no decreto 99.658/90 (Anexo 4.2 do Manual de Campo), dos quais precisa se desfazer?','','col-md-12','2014-02-09 19:51:13','2014-02-09 19:51:13',1),(293,72,0,'PGR07.1','Se sim, quais (admite mais de uma resposta)?','','col-md-11 col-md-offset-1','2014-02-09 19:51:25','2014-02-09 19:51:37',1),(294,73,0,'GRS01','A instituição conhece o Decreto Estadual 40.645/07 (Anexo 4.3 do Manual de Campo)? ','','col-md-12','2014-02-09 20:24:32','2014-02-09 20:24:32',1),(295,73,0,'GRS02','Os funcionários realizam a separação de materiais recicláveis independente de haver um programa de coleta seletiva?','','col-md-12','2014-02-09 20:24:44','2014-02-09 20:24:44',1),(296,73,0,'GRS03','Existe alguma destinação para os materiais recicláveis? ','','col-md-12','2014-02-09 20:25:05','2014-02-09 20:25:05',1),(297,73,0,'GRE04','Existem Associações/Cooperativas de Catadores próximas à instituição?','','col-md-12','2014-02-09 20:49:45','2014-02-09 20:49:45',1),(298,73,0,'GRE05','Existem catadores individuais (não cooperativados) coletando materiais recicláveis nas ruas próximas à instituição? ','','col-md-12','2014-02-09 20:51:38','2014-02-09 20:51:38',1),(299,73,0,'GRE06','Existe relação entre a instituição e alguma associação/cooperativa? ','','col-md-12','2014-02-09 20:56:53','2014-02-09 20:56:53',1),(300,74,0,'SCA01','A instituição possui sistema de informação interna? ','','col-md-12','2014-02-09 21:00:19','2014-02-09 21:00:19',1),(301,74,0,'SCA01.1','Indique os instrumentos de comunicação interna existentes na instituição (admite mais de uma resposta)','','col-md-11 col-md-offset-1','2014-02-09 21:00:35','2014-02-09 21:00:35',1),(302,74,0,'SCA02','A instituição promove campanhas internas? (Qualidade, Segurança do Trabalho, Semana de meio ambiente, SIPAT, etc)','','col-md-12','2014-02-09 21:00:43','2014-02-09 21:00:43',1),(303,74,0,'SCA03','Existe algum tipo de auditoria interna ou outro sistema de avaliação?                   ','','col-md-12','2014-02-09 21:00:55','2014-02-09 21:00:55',1),(304,75,0,'ENT01','Existem outras instituições próximas ao órgão público?','','col-md-12','2014-02-09 21:09:09','2014-02-09 21:09:09',1),(305,75,0,'ENT01.1 ','Se sim, indique os tipos existentes no entorno (admite mais de uma resposta)','','col-md-11 col-md-offset-1','2014-02-09 21:09:20','2014-02-09 21:09:20',1),(306,75,0,'ENT02','Acessibilidade ao prédio para coleta de resíduos – dias (admite mais de uma resposta):','','col-md-12','2014-02-09 21:09:30','2014-02-09 21:09:30',1),(307,75,0,'ENT03','Acessibilidade ao prédio para coleta de resíduos – horários (admite mais de uma resposta):','','col-md-12','2014-02-09 21:10:43','2014-02-09 21:10:43',1),(308,76,0,'IDQ01','Nome do pesquisador/Técnico do PCSS/INEA','','col-md-12','2014-02-09 21:18:44','2014-02-09 21:18:44',1),(309,77,0,'IDC01','Código do Município','','col-md-4','2014-02-09 21:19:41','2014-02-09 21:19:41',0),(310,77,0,'IDC02','Município','','col-md-8','2014-02-09 21:19:49','2014-02-09 21:19:49',1),(311,77,0,'IDC03','Nome da Cooperativa/Associação','','col-md-12','2014-02-09 21:20:05','2014-02-09 21:20:05',1),(312,77,0,'IDC04','A cooperativa/Associação é formalizada','','col-md-12','2014-02-09 21:20:15','2014-02-09 21:20:15',1),(313,77,0,'IDC04.1','Se sim, qual o número do CNPJ','','col-md-12','2014-02-09 21:20:29','2014-02-09 21:20:29',1),(314,78,0,'FOR01.1','Ano de constituição','','col-md-6','2014-02-09 21:22:02','2014-02-09 21:22:02',0),(315,78,0,'FOR01.2','Ano de formalização (para as que possuem CNPJ):','','col-md-6','2014-02-09 21:22:13','2014-02-09 21:22:13',1),(316,78,0,'FOR03','Atualmente, a Cooperativa/Associação possui Regimento Interno? ','','col-md-12','2014-02-09 21:22:21','2014-02-09 21:22:21',1),(317,78,0,'FOR04','Atualmente, a Cooperativa/Associação possui estatuto registrado? ','','col-md-12','2014-02-09 21:22:39','2014-02-09 21:22:39',1),(318,78,0,'FOR05','Atualmente, a Cooperativa/Associação possui alvarás de instalação? ','','col-md-12','2014-02-09 21:22:49','2014-02-09 21:22:49',1),(319,78,0,'FOR06','Atualmente, a Cooperativa/Associação possui licença ambiental? ','','col-md-12','2014-02-09 21:22:59','2014-02-09 21:22:59',1),(320,79,0,'AI01','Atualmente, a Cooperativa/Associação conta com o apoio da Prefeitura?','','col-md-12','2014-02-09 21:27:27','2014-02-09 21:27:27',1),(321,79,0,'AI01.1','Se sim, com que tipo de apoio?','','col-md-11 col-md-offset-1','2014-02-09 21:27:43','2014-02-09 21:27:43',1),(322,79,0,'AI01.2','Caso a Prefeitura auxilie na realização das atividades, quais são elas (admite mais de uma resposta)?','','col-md-11 col-md-offset-1','2014-02-09 21:27:54','2014-02-09 21:27:54',1),(323,79,0,'AI02','Atualmente, a Cooperativa/Associação conta com o apoio de alguma Instituição (exceto Prefeitura)?','','col-md-12','2014-02-09 21:28:07','2014-02-09 21:28:07',1),(324,79,0,'AI02.1','Se sim, com que tipo de apoio?','','col-md-11 col-md-offset-1','2014-02-09 21:28:18','2014-02-09 21:28:18',1),(325,79,0,'AI02.2','Caso a Instituição auxilie na realização das atividades, quais são elas (admite mais de uma resposta)?','','col-md-11 col-md-offset-1','2014-02-09 21:28:28','2014-02-09 21:28:28',1),(326,80,0,'GCA01','Atualmente, qual o número de pessoas diretamente envolvidas (que trabalham na Cooperativa/Associação):','','col-md-12','2014-02-09 21:38:36','2014-02-09 21:38:36',1),(327,80,0,'GCA02','No último ano, quais as fontes de arrecadação da Cooperativa/Associação, por tipo de relação contratual e/ou convênio (admite mais de uma resposta): ','','col-md-12','2014-02-09 21:38:47','2014-02-09 21:38:47',1),(328,80,0,'GCA02.1','Indique o número total de contratos/convênios do último ano:','','col-md-11 col-md-offset-1','2014-02-09 21:38:58','2014-02-09 21:38:58',1),(329,80,0,'GCA03','Atualmente, a Cooperativa/Associação contrata os serviços de contabilidade? ','','col-md-12','2014-02-09 21:39:06','2014-02-09 21:39:06',1),(330,80,0,'GCA04','Atualmente, a Cooperativa/Associação possui registro das movimentações financeiras? ','','col-md-12','2014-02-09 21:39:18','2014-02-09 21:39:18',1),(331,80,0,'GCA04.1','Tipo de registro utilizado:	','','col-md-11 col-md-offset-1','2014-02-09 21:39:32','2014-02-09 21:39:32',1),(332,80,0,'GCA05','Qual o total da Receita mensal bruta (aproximada) da Cooperativa/Associação obtida com a venda dos recicláveis no último ano: ','','col-md-12','2014-02-09 21:39:53','2014-02-09 21:39:53',1),(333,80,0,'GCA06','Qual a média mensal de despesa (aproximada) da Cooperativa/Associação no último ano: ','','col-md-12','2014-02-09 21:40:03','2014-02-09 21:40:03',1),(334,80,0,'GCA06.1 ','Qual a média mensal apenas com o pagamento dos cooperados /associados no último ano: ','','col-md-11 col-md-offset-1','2014-02-09 21:40:14','2014-02-09 21:40:14',1),(335,80,0,'GCA07','Atualmente, qual a principal forma de remuneração dos catadores através da Cooperativa/Associação?','','col-md-12','2014-02-09 21:40:23','2014-02-09 21:40:23',1),(336,80,0,'GCA08','Atualmente, qual a frequência de remuneração dos catadores da Cooperativa/Associação:','','col-md-12','2014-02-09 21:40:33','2014-02-09 21:40:33',1),(337,80,0,'GCA09','Atualmente, a Cooperativa/Associação possui conselho fiscal? ','','col-md-12','2014-02-09 21:40:42','2014-02-09 21:40:42',1),(338,80,0,'GCA10','Atualmente, a Cooperativa/Associação possui recolhimento para fundo previsto em estatuto? ','','col-md-12','2014-02-09 21:40:50','2014-02-09 21:40:50',1),(339,80,0,'GCA11','Atualmente, a Cooperativa/Associação realiza divulgação dos resultados? ','','col-md-12','2014-02-09 21:41:00','2014-02-09 21:41:00',1),(340,80,0,'GCA11.1','Se sim, de que forma: ','','col-md-11 col-md-offset-1','2014-02-09 21:41:09','2014-02-09 21:41:09',1),(341,80,0,'GCA12','A Cooperativa/Associação realizou reuniões no último ano? ','','col-md-12','2014-02-09 21:41:20','2014-02-09 21:41:20',1),(342,80,0,'GCA12.1','Se sim, com qual periodicidade','','col-md-11 col-md-offset-1','2014-02-09 21:41:29','2014-02-09 21:41:29',1),(343,81,0,'IACA01','Atualmente, a Cooperativa/Associação possui galpão?  ','','col-md-12','2014-02-09 22:02:59','2014-02-09 22:02:59',1),(344,81,0,'IACA01.1','Se sim, quantos galpões?','','col-md-11 col-md-offset-1','2014-02-09 22:03:11','2014-02-09 22:03:11',1),(345,81,0,'IACA01.2','Se sim, de que forma o galpão principal foi adquirido pela Cooperativa/Associação?  ','','col-md-11 col-md-offset-1','2014-02-09 22:03:24','2014-02-09 22:03:24',1),(346,81,0,'IACA01.3','Se sim, existe alguma documentação/contrato que comprove a utilização do galpão principal?','','col-md-11 col-md-offset-1','2014-02-09 22:03:38','2014-02-09 22:03:38',1),(347,81,0,'IACA01.4','Se sim, o galpão principal possui quantos m²?','','col-md-11 col-md-offset-1','2014-02-09 22:03:50','2014-02-09 22:03:50',1),(348,81,0,'IACA01.5','Se sim, indique os itens disponíveis no galpão (admite mais de uma resposta):','','col-md-11 col-md-offset-1','2014-02-09 22:04:10','2014-02-09 22:04:10',1),(349,81,0,'IACA03','Atualmente, a Cooperativa/Associação possui escritório?','','col-md-12','2014-02-09 22:04:21','2014-02-09 22:04:21',1),(350,81,0,'IACA04','Indique a quantidade de equipamento/veículo que a cooperativa/associação possui atualmente: ','','col-md-12','2014-02-09 22:04:31','2014-02-09 23:43:22',0),(351,81,0,'1','Esteira','','col-md-12','2014-02-09 23:28:17','2014-02-09 23:28:17',1),(352,81,0,'2','Prensa','','col-md-12','2014-02-09 23:28:39','2014-02-09 23:28:39',1),(353,81,0,'3','Balança manual (ou mecânica)','','col-md-12','2014-02-09 23:28:54','2014-02-09 23:28:54',1),(354,81,0,'4','Balança eletromecânica','','col-md-12','2014-02-09 23:29:05','2014-02-09 23:29:05',1),(355,81,0,'5','Balança eletrônica','','col-md-12','2014-02-09 23:29:14','2014-02-09 23:29:14',1),(356,81,0,'6','Balança rodoviária','','col-md-12','2014-02-09 23:29:24','2014-02-09 23:29:24',1),(357,81,0,'7','Mesa de seleção','','col-md-12','2014-02-09 23:29:35','2014-02-09 23:29:35',1),(358,81,0,'8','Elevador de fardo elétrico','','col-md-12','2014-02-09 23:29:45','2014-02-09 23:29:45',1),(359,81,0,'9','Elevador de carga','','col-md-12','2014-02-09 23:29:55','2014-02-09 23:29:55',1),(360,81,0,'10','Empilhadeira Mecânica','','col-md-12','2014-02-09 23:30:07','2014-02-09 23:30:07',1),(361,81,0,'11','Picotadora de papel','','col-md-12','2014-02-09 23:30:28','2014-02-09 23:30:28',1),(362,81,0,'12','Caminhão compactador','','col-md-12','2014-02-09 23:30:40','2014-02-09 23:30:40',1),(363,81,0,'13','Caminhão baú','','col-md-12','2014-02-09 23:30:58','2014-02-09 23:30:58',1),(364,81,0,'14','Caminhão com caçamba com grade','','col-md-12','2014-02-09 23:31:07','2014-02-09 23:31:07',1),(365,81,0,'15','Caminhão com caçamba sem grade','','col-md-12','2014-02-09 23:31:16','2014-02-09 23:31:16',1),(366,81,0,'16','Retroescavadeira','','col-md-12','2014-02-09 23:31:26','2014-02-09 23:31:26',1),(367,81,0,'17','Trator com carroceria','','col-md-12','2014-02-09 23:31:41','2014-02-09 23:31:41',1),(368,81,0,'18','Paleteira','','col-md-12','2014-02-09 23:31:50','2014-02-09 23:31:50',1),(369,81,0,'19','Carrinho de mão','','col-md-12','2014-02-09 23:32:00','2014-02-09 23:32:00',1),(370,81,0,'20','Carrinho para fardo','','col-md-12','2014-02-09 23:32:10','2014-02-09 23:32:10',1),(371,81,0,'21','Computadores','','col-md-12','2014-02-09 23:32:20','2014-02-09 23:32:20',1),(372,82,0,'CMR01','Informe a quantidade média mensal (aproximada) de materiais recicláveis (coletados, triados, vendidos) no último ano:','','col-md-12','2014-02-09 23:43:50','2014-02-09 23:43:50',0),(373,82,0,'CMR01.1','PET','','col-md-11 col-md-offset-1','2014-02-09 23:44:12','2014-02-09 23:46:35',1),(374,82,0,'CMR01.2','Demais plásticos (excluindo-se PET)','','col-md-11 col-md-offset-1','2014-02-09 23:44:24','2014-02-09 23:46:40',1),(375,82,0,'CMR01.3','Papel','','col-md-11 col-md-offset-1','2014-02-09 23:44:31','2014-02-09 23:46:44',1),(376,82,0,'CMR01.4','Papelão','','col-md-11 col-md-offset-1','2014-02-09 23:44:42','2014-02-09 23:46:48',1),(377,82,0,'CMR01.5','Sucata ferrosa','','col-md-11 col-md-offset-1','2014-02-09 23:44:55','2014-02-09 23:46:51',1),(378,82,0,'CMR01.6','Alumínio','','col-md-11 col-md-offset-1','2014-02-09 23:45:05','2014-02-09 23:46:54',1),(379,82,0,'CMR01.7','Vidros','','col-md-11 col-md-offset-1','2014-02-09 23:45:22','2014-02-09 23:46:57',1),(380,82,0,'CMR01.8','Cobre','','col-md-11 col-md-offset-1','2014-02-09 23:45:35','2014-02-09 23:47:00',1),(381,82,0,'CMR02','Atualmente, qual a destinação final dada aos rejeitos oriundos do material coletado/ triado pela Cooperativa/Associação? ','','col-md-12','2014-02-09 23:45:54','2014-02-09 23:45:54',1),(382,82,0,'CMR03','Atualmente, como é feita a triagem do material coletado?','','col-md-12','2014-02-09 23:46:04','2014-02-09 23:46:04',1),(383,82,0,'CMR04','Atualmente, como é a armazenagem do material coletado?','','col-md-12','2014-02-09 23:46:13','2014-02-09 23:46:13',1),(384,83,0,'CO01','Atualmente, como é realizada a comercialização dos produtos','','col-md-12','2014-02-10 01:32:24','2014-02-10 01:32:24',1),(385,83,0,'CO02','Assinale os compradores (admite mais de uma resposta) e a frequência de venda de cada tipo de material no último ano','','col-md-12','2014-02-10 01:32:36','2014-02-10 01:32:36',1),(386,83,0,'CO02.1','PET','','col-md-11 col-md-offset-1','2014-02-10 01:32:49','2014-02-10 01:32:49',1),(387,83,0,'CO02.2','Demais plásticos (excluindo-se PET)','','col-md-11 col-md-offset-1','2014-02-10 01:33:02','2014-02-10 01:33:02',1),(388,83,0,'CO02.3','Papel','','col-md-11 col-md-offset-1','2014-02-10 01:33:14','2014-02-10 01:33:14',1),(389,83,0,'CO02.4','Papelão','','col-md-11 col-md-offset-1','2014-02-10 01:33:23','2014-02-10 01:33:23',1),(390,83,0,'CO02.5','Sucata ferrosa','','col-md-11 col-md-offset-1','2014-02-10 01:33:42','2014-02-10 01:33:42',1),(391,83,0,'CO02.6','Alumínio','','col-md-11 col-md-offset-1','2014-02-10 01:34:06','2014-02-10 01:34:06',1),(392,83,0,'CO02.7','Vidros','','col-md-11 col-md-offset-1','2014-02-10 01:34:19','2014-02-10 01:34:19',1),(393,83,0,'CO02.8','Cobre','','col-md-11 col-md-offset-1','2014-02-10 01:34:29','2014-02-10 01:34:29',1),(394,83,0,'CO04','A Cooperativa/Associação realizou venda em Rede no último ano?  ','','col-md-12','2014-02-10 01:34:40','2014-02-10 01:34:40',1),(395,84,0,'AC01','Atualmente, a Cooperativa/Associação realiza quais formas de coleta (admite mais de uma resposta)?','','col-md-12','2014-02-10 01:35:16','2014-02-10 01:35:16',1),(396,85,0,'CTSS01','Horas de trabalho por semana dos catadores (tempo médio) atualmente:','','col-md-12','2014-02-10 01:35:39','2014-02-10 01:35:39',1),(397,85,0,'CTSS02','Atualmente, a Cooperativa/Associação possui EPI?','','col-md-12','2014-02-10 01:35:49','2014-02-10 01:35:49',1),(398,85,0,'CTSS02.1','Se sim, quais (admite mais de uma resposta):','','col-md-11 col-md-offset-1','2014-02-10 01:36:05','2014-02-10 01:36:05',1),(399,85,0,'CTSS03','No último ano, quantos casos de afastamento devido à acidentes de trabalho? ','','col-md-12','2014-02-10 01:36:13','2014-02-10 01:36:13',1),(400,85,0,'CTSS04','No último ano, quantos casos de afastamento devido à doenças?','','col-md-12','2014-02-10 01:36:22','2014-02-10 01:36:22',1),(401,85,0,'CTSS05','No último ano, quantos casos de afastamento devido à problemas com álcool ou dependência química?','','col-md-12','2014-02-10 01:37:03','2014-02-10 01:37:03',1),(402,86,0,'PRS01','A Cooperativa/ Associação conhece o Programa Coleta Seletiva Solidária do Estado do Rio de Janeiro?','','col-md-12','2014-02-10 01:39:29','2014-02-10 01:39:29',1),(403,86,0,'PRS01.1','Se sim, como a Cooperativa/Associação teve conhecimento deste Programa? ','','col-md-11 col-md-offset-1','2014-02-10 01:39:42','2014-02-10 01:39:42',1),(404,86,0,'PRS02','A Cooperativa/ Associação conhece a Política Nacional de Resíduos Sólidos?','','col-md-12','2014-02-10 01:39:51','2014-02-10 01:39:51',1),(405,86,0,'PRS02.1','Se sim, como a Cooperativa/Associação teve conhecimento desta lei?','','col-md-11 col-md-offset-1','2014-02-10 01:40:05','2014-02-10 01:40:05',1),(406,86,0,'PRS03','A Cooperativa/ Associação conhece o Movimento Nacional dos Catadores?','','col-md-12','2014-02-10 01:40:16','2014-02-10 01:40:16',1),(407,86,0,'PRS03.1','Se sim, como a Cooperativa/Associação teve conhecimento deste movimento?','','col-md-11 col-md-offset-1','2014-02-10 01:40:29','2014-02-10 01:40:29',1),(408,86,0,'PRS04','A Cooperativa/ Associação conhece o Catador em Rede Solidária - CRS?','','col-md-12','2014-02-10 01:41:00','2014-02-10 01:41:00',1),(409,86,0,'PRS04.1','Se sim, como a Cooperativa/Associação teve conhecimento?','','col-md-11 col-md-offset-1','2014-02-10 01:41:11','2014-02-10 01:41:11',1),(410,87,0,'ODP01','De um a cinco, sendo que cinco (5) quer dizer muito limpo e um (1) quer dizer muito sujo, qual a sua avaliação sobre a limpeza geral do pátio do Cooperativa/Associação?','','col-md-12','2014-02-10 01:41:37','2014-02-10 01:41:37',1),(411,87,0,'ODP02','De um a cinco, sendo que cinco (5) quer dizer muito limpo e um (1) quer dizer muito sujo, qual a sua avaliação sobre a limpeza dos banheiros da Cooperativa/Associação?','','col-md-12','2014-02-10 01:41:45','2014-02-10 01:41:45',1),(412,87,0,'ODP03','De um a cinco, sendo que cinco (5) quer dizer muito limpo e um (1) quer dizer muito sujo, qual a sua avaliação sobre a limpeza da cozinha/copa da Cooperativa/Associação?','','col-md-12','2014-02-10 01:41:55','2014-02-10 01:41:55',1),(413,87,0,'ODP04','De um a cinco, sendo que cinco (5) quer dizer muito limpo e um (1) quer dizer muito sujo, qual a sua avaliação sobre a limpeza do escritório da Cooperativa/Associação?','','col-md-12','2014-02-10 01:42:04','2014-02-10 01:42:04',1),(414,87,0,'ODP05','Qual a sua avaliação sobre o estado de conservação geral do maquinário da Cooperativa/Associação?','','col-md-12','2014-02-10 01:42:12','2014-02-10 01:42:12',1),(415,87,0,'ODP06','Qual a sua avaliação sobre o estado de conservação geral dos equipamentos de proteção individual?','','col-md-12','2014-02-10 01:42:24','2014-02-10 01:42:24',1),(416,87,0,'ODP07','Qual a sua avaliação sobre o estado de conservação geral dos equipamentos de proteção coletiva?','','col-md-12','2014-02-10 01:42:32','2014-02-10 01:42:32',1),(417,87,0,'ODP08','De um a cinco, sendo que cinco (5) quer dizer ótimo e um (1) quer dizer péssimo, qual a sua avaliação sobre o estado de conservação da rede de instalação elétrica?','','col-md-12','2014-02-10 01:42:39','2014-02-10 01:42:39',1),(418,43,0,'GCA02.1','Indique o número total de contratos/convênios firmado até cada mês','','col-md-12','2014-02-10 20:59:31','2014-02-10 20:59:31',1),(419,43,0,'GCA05','Qual o total da Receita mensal bruta (aproximada) da Cooperativa/Associação obtida com a venda dos recicláveis no mês','','col-md-12','2014-02-10 20:59:40','2014-02-10 20:59:40',1),(420,43,0,'GCA06','Qual a média mensal de despesa (aproximada) da Cooperativa/Associação no mês','','col-md-12','2014-02-10 20:59:48','2014-02-10 20:59:48',1),(421,43,0,'GCA06.1','Qual a média mensal das despesas apenas com o pagamento dos cooperados /associados no mês','','col-md-12','2014-02-10 21:00:01','2014-02-10 21:00:01',1),(422,45,0,'CMR01','Informe a quantidade  mensal de materiais recicláveis (coletados, triados, vendidos) por mês:','','col-md-12','2014-02-10 21:01:32','2014-02-10 21:01:32',0),(423,45,0,'CMR01.1','PET','','col-md-11 col-md-offset-1','2014-02-10 21:01:46','2014-02-10 21:01:46',1),(424,45,0,'CMR01.2','Demais plásticos (excluindo-se PET)','','col-md-11 col-md-offset-1','2014-02-10 21:01:59','2014-02-10 21:01:59',1),(425,45,0,'CMR01.3','Papel','','col-md-11 col-md-offset-1','2014-02-10 21:02:18','2014-02-10 21:02:18',1),(426,45,0,'CMR01.4','Papelão ','','col-md-11 col-md-offset-1','2014-02-10 21:02:31','2014-02-10 21:02:31',1),(427,45,0,'CMR01.5','Sucata ferrosa','','col-md-11 col-md-offset-1','2014-02-10 21:02:57','2014-02-10 21:02:57',1),(428,45,0,'CMR01.6','Alumínio','','col-md-11 col-md-offset-1','2014-02-10 21:03:20','2014-02-10 21:03:20',1),(429,45,0,'CMR01.7','Vidros','','col-md-11 col-md-offset-1','2014-02-10 21:03:31','2014-02-10 21:03:31',1),(430,45,0,'CMR01.8','Cobre','','col-md-11 col-md-offset-1','2014-02-10 21:04:08','2014-02-10 21:04:08',1),(431,46,0,'CO02','Assinale os compradores (admite mais de uma resposta) e a frequência de venda de cada tipo de material no último ano:','','col-md-12','2014-02-10 21:09:41','2014-02-10 21:09:41',0),(432,46,0,'CO02.1','PET','','col-md-11 col-md-offset-1','2014-02-10 21:09:56','2014-02-10 21:09:56',1),(433,46,0,'CO02.2','Demais plásticos (excluindo-se PET)','','col-md-11 col-md-offset-1','2014-02-10 21:10:08','2014-02-10 21:10:08',1),(434,46,0,'CO02.3','Papel','','col-md-11 col-md-offset-1','2014-02-10 21:10:16','2014-02-10 21:10:16',1),(435,46,0,'CO02.4','Papelão','','col-md-11 col-md-offset-1','2014-02-10 21:10:35','2014-02-10 21:10:35',1),(436,46,0,'CO02.5','Sucata ferrosa','','col-md-11 col-md-offset-1','2014-02-10 21:10:47','2014-02-10 21:10:47',1),(437,46,0,'CO02.6','Alumínio','','col-md-11 col-md-offset-1','2014-02-10 21:11:02','2014-02-10 21:11:02',1),(438,46,0,'CO02.7','Vidros','','col-md-11 col-md-offset-1','2014-02-10 21:11:12','2014-02-10 21:11:12',1),(439,46,0,'CO02.8','Cobre','','col-md-11 col-md-offset-1','2014-02-10 21:11:21','2014-02-10 21:11:21',1),(440,88,0,'IDQ01','Nome do pesquisador/ técnico do PCSS/ INEA','','col-md-12','2014-02-10 22:02:20','2014-02-10 22:02:20',1),(441,89,0,'IDC01','Código do Município','','col-md-4','2014-02-10 22:02:55','2014-02-10 22:04:08',0),(442,89,0,'IDC02','Município','','col-md-8','2014-02-10 22:03:03','2014-02-10 22:03:03',1),(443,90,0,'RSU02','Qual é a média diária de Resíduos Sólidos coletados no mês','','col-md-12','2014-02-10 22:04:41','2014-02-10 22:04:41',1),(444,90,0,'RSU02','Qual é a média mensal de Resíduos Sólidos coletados ','','col-md-12','2014-02-10 22:04:55','2014-02-10 22:04:55',1),(445,90,0,'RSU05','Informe a quantidade média diária de resíduos sólidos enviados a cada uma das destinações finais','','col-md-12','2014-02-10 22:05:24','2014-02-10 22:05:24',1),(446,91,0,'IA01','Qual o orçamento anual do município (no ano anterior): ','','col-md-12','2014-02-10 22:12:40','2014-02-10 22:12:40',0),(447,91,0,'IA01.1 ','Investido em Gestão de Resíduos Sólidos:','','col-md-11 col-md-offset-1','2014-02-10 22:12:52','2014-02-10 22:12:52',1),(448,91,0,'IA01.2','Investido em Limpeza Urbana:','','col-md-11 col-md-offset-1','2014-02-10 22:12:58','2014-02-10 22:13:25',1),(449,91,0,'IA01.3','Investido em Coleta Seletiva:','','col-md-11 col-md-offset-1','2014-02-10 22:13:15','2014-02-10 22:13:15',1),(450,91,0,'IA02','Investimento financeiro mensal em Coleta e Disposição Final de RSU no ano anterior:','','col-md-12','2014-02-10 22:13:40','2014-02-10 22:13:40',1),(451,91,0,'IA02.1','Valor médio mensal gasto com a coleta de RSU:','','col-md-11 col-md-offset-1','2014-02-10 22:13:50','2014-02-10 22:13:50',1),(452,91,0,'IA02.2','Valor médio mensal gasto com varrição e capina:','','col-md-11 col-md-offset-1','2014-02-10 22:14:00','2014-02-10 22:14:00',1),(453,91,0,'IA02.3','Valor médio mensal gasto com disposição final de RSU:','','col-md-11 col-md-offset-1','2014-02-10 22:14:12','2014-02-10 22:14:12',1);
/*!40000 ALTER TABLE `questions` ENABLE KEYS */;
UNLOCK TABLES;

--
-- Table structure for table `roles`
--

DROP TABLE IF EXISTS `roles`;
/*!40101 SET @saved_cs_client     = @@character_set_client */;
/*!40101 SET character_set_client = utf8 */;
CREATE TABLE `roles` (
  `id` int(11) NOT NULL AUTO_INCREMENT,
  `name` varchar(255) DEFAULT NULL,
  `created_at` datetime DEFAULT NULL,
  `updated_at` datetime DEFAULT NULL,
  PRIMARY KEY (`id`)
) ENGINE=InnoDB AUTO_INCREMENT=3 DEFAULT CHARSET=utf8;
/*!40101 SET character_set_client = @saved_cs_client */;

--
-- Dumping data for table `roles`
--

LOCK TABLES `roles` WRITE;
/*!40000 ALTER TABLE `roles` DISABLE KEYS */;
INSERT INTO `roles` VALUES (1,'Desenvolvedor','2013-11-20 18:32:05','2013-11-20 18:32:05'),(2,'Entrevistador','2013-11-20 18:32:05','2013-11-20 18:32:05');
/*!40000 ALTER TABLE `roles` ENABLE KEYS */;
UNLOCK TABLES;

--
-- Table structure for table `schema_migrations`
--

DROP TABLE IF EXISTS `schema_migrations`;
/*!40101 SET @saved_cs_client     = @@character_set_client */;
/*!40101 SET character_set_client = utf8 */;
CREATE TABLE `schema_migrations` (
  `version` varchar(255) NOT NULL,
  PRIMARY KEY (`version`),
  UNIQUE KEY `unique_schema_migrations` (`version`)
) ENGINE=InnoDB DEFAULT CHARSET=utf8;
/*!40101 SET character_set_client = @saved_cs_client */;

--
-- Dumping data for table `schema_migrations`
--

LOCK TABLES `schema_migrations` WRITE;
/*!40000 ALTER TABLE `schema_migrations` DISABLE KEYS */;
INSERT INTO `schema_migrations` VALUES ('20131102131421'),('20131102132535'),('20131102133703'),('20131104173523'),('20131104173610'),('20131104173643'),('20131104173743'),('20131104173830'),('20131104173947'),('20131104174014'),('20131104174024'),('20131104175455'),('20131104175534'),('20131105164542'),('20131125205221'),('20131125222637'),('20131125230247'),('20131204171241');
/*!40000 ALTER TABLE `schema_migrations` ENABLE KEYS */;
UNLOCK TABLES;

--
-- Table structure for table `sections`
--

DROP TABLE IF EXISTS `sections`;
/*!40101 SET @saved_cs_client     = @@character_set_client */;
/*!40101 SET character_set_client = utf8 */;
CREATE TABLE `sections` (
  `id` int(11) NOT NULL AUTO_INCREMENT,
  `survey_id` int(11) DEFAULT NULL,
  `name` varchar(255) DEFAULT NULL,
  `help_block` varchar(255) DEFAULT NULL,
  `created_at` datetime DEFAULT NULL,
  `updated_at` datetime DEFAULT NULL,
  PRIMARY KEY (`id`),
  KEY `index_sections_on_survey_id` (`survey_id`)
) ENGINE=InnoDB AUTO_INCREMENT=92 DEFAULT CHARSET=utf8;
/*!40101 SET character_set_client = @saved_cs_client */;

--
-- Dumping data for table `sections`
--

LOCK TABLES `sections` WRITE;
/*!40000 ALTER TABLE `sections` DISABLE KEYS */;
INSERT INTO `sections` VALUES (1,1,'IDENTIFICAÇÃO DO QUESTIONÁRIO','','2013-11-20 18:45:11','2013-11-20 18:45:11'),(2,1,'BLOCO 1. PERFIL MUNICIPAL','','2013-11-20 18:45:20','2013-11-20 18:45:20'),(3,1,'BLOCO 2. GESTÃO MUNICIPAL DE MEIO AMBIENTE','','2013-11-20 18:45:30','2013-11-20 18:45:30'),(4,1,'BLOCO 3. QUADRO FUNCIONAL DA GESTÃO DE RESÍDUOS SÓLIDOS','','2013-11-20 18:45:39','2013-11-20 18:45:39'),(5,1,'BLOCO 4. CONTROLE SOCIAL','','2013-11-20 18:45:47','2013-11-20 18:45:47'),(6,1,'BLOCO 5. INFORMAÇÕES SOBRE A GESTÃO DE RESÍDUOS SÓLIDOS URBANOS (RSU)','','2013-11-20 18:45:57','2013-11-20 18:45:57'),(7,1,'BLOCO 6. INFORMAÇÕES SOBRE COLETA SELETIVA NO MUNICÍPIO','','2013-11-20 18:46:06','2013-11-20 18:46:06'),(8,1,'BLOCO 7. INFORMAÇÕES SOBRE A FUTURA GESTÃO DO PROGRAMA DE COLETA SELETIVA SOLIDÁRIA','','2013-11-20 18:46:15','2013-11-20 18:46:15'),(9,1,'BLOCO 8. INFRAESTRUTURA ATUAL PARA COLETA SELETIVA','','2013-11-20 18:46:25','2013-11-20 18:46:25'),(10,1,'BLOCO 9. INVESTIMENTO E ARRECADAÇÃO','','2013-11-20 18:46:34','2013-11-20 18:46:34'),(11,1,'BLOCO 10. FLUXO DOS DEMAIS RESÍDUOS','','2013-11-20 18:46:40','2013-11-20 18:46:40'),(12,1,'BLOCO 11. PRÉDIOS PÚBLICOS','','2013-11-20 18:46:48','2013-11-20 18:46:48'),(15,4,'teste','','2013-11-26 02:51:38','2013-11-26 02:51:38'),(17,6,'xxxx','','2013-11-26 02:53:14','2013-11-26 02:53:14'),(20,9,'gasdfasdfaf','','2013-11-26 02:55:02','2013-11-26 02:55:02'),(23,12,'asdfadf','','2013-11-26 03:06:29','2013-11-26 03:06:29'),(25,14,'sd','','2013-11-26 03:07:55','2013-11-26 03:07:55'),(28,4,'Secao Teste Emiliano','','2013-11-26 12:19:21','2013-11-26 12:19:21'),(29,2,'IDENTIFICAÇÃO DO QUESTIONÁRIO','','2014-02-06 22:16:29','2014-02-06 22:16:29'),(30,2,'BLOCO 1. IDENTIFICAÇÃO DO MUNICÍPIO','','2014-02-06 22:16:54','2014-02-06 22:16:54'),(31,2,'BLOCO 2. LISTA DE COOPERATIVAS/ASSOCIAÇÕES','','2014-02-06 22:17:09','2014-02-06 22:17:09'),(32,7,'IDENTIFICAÇÃO DO QUESTIONÁRIO','','2014-02-07 00:19:38','2014-02-07 00:19:38'),(33,7,'BLOCO 1 . IDENTIFICAÇÃO DO MUNICÍPIO','','2014-02-07 00:19:46','2014-02-07 00:19:46'),(34,7,'BLOCO 2 . LISTA DAS ESCOLAS PÚBLICAS','','2014-02-07 00:19:54','2014-02-07 00:19:54'),(35,17,'IDENTIFICAÇÃO DO QUESTIONÁRIO','','2014-02-09 12:58:27','2014-02-09 12:58:27'),(36,17,'BLOCO 1 . IDENTIFICAÇÃO DO MUNICÍPIO','','2014-02-09 12:58:36','2014-02-09 12:58:36'),(37,17,'BLOCO 2 . LISTA DOS ÓRGÃOS PÚBLICOS','','2014-02-09 12:58:45','2014-02-09 12:58:45'),(38,10,'IDENTIFICAÇÃO DO QUESTIONÁRIO','','2014-02-09 13:39:41','2014-02-09 13:39:41'),(39,10,'IDENTIFICAÇÃO DA COOPERATIVA','','2014-02-09 13:48:19','2014-02-09 13:48:19'),(43,10,'BLOCO 4. GESTÃO DA COOPERATIVA/ASSOCIAÇÃO','','2014-02-09 14:00:39','2014-02-09 14:00:39'),(45,10,'BLOCO 6. COLETA DE MATERIAIS RECICLÁVEIS','','2014-02-09 14:01:07','2014-02-09 14:01:07'),(46,10,'BLOCO 7. COMERCIALIZAÇÃO','','2014-02-09 14:01:16','2014-02-09 14:01:16'),(47,5,'IDENTIFICAÇÃO DO QUESTIONÁRIO','','2014-02-09 14:59:18','2014-02-09 14:59:18'),(48,5,'IDENTIFICAÇÃO DA COOPERATIVA/ ASSOCIAÇÃO','','2014-02-09 14:59:23','2014-02-09 14:59:23'),(49,5,'LISTA DE COOPERADOS/ASSOCIADOS','','2014-02-09 14:59:29','2014-02-09 14:59:29'),(50,16,'IDENTIFICAÇÃO DO QUESTIONÁRIO','','2014-02-09 15:26:43','2014-02-09 15:26:43'),(51,16,'BLOCO 1. LOCAL DE APLICAÇÃO','','2014-02-09 15:26:46','2014-02-09 15:26:46'),(52,16,'BLOCO 2. DADOS GERAIS','','2014-02-09 15:26:50','2014-02-09 15:26:50'),(53,16,'BLOCO 3. INFRAESTRUTURA FÍSICA','','2014-02-09 15:28:25','2014-02-09 15:28:25'),(54,16,'BLOCO 4. RECURSOS HUMANOS','','2014-02-09 15:28:30','2014-02-09 15:28:30'),(55,16,'BLOCO 5. PADRÕES DE GERAÇÃO DE RESÍDUOS','','2014-02-09 15:28:34','2014-02-09 15:28:34'),(56,16,'BLOCO 6. GESTÃO DE RESÍDUOS SÓLIDOS','','2014-02-09 15:28:40','2014-02-09 15:28:40'),(57,16,'BLOCO 7. SISTEMA DE COMUNICAÇÃO E AVALIAÇÃO','','2014-02-09 15:28:46','2014-02-09 15:28:46'),(58,16,'BLOCO 8. ENTORNO','','2014-02-09 15:28:50','2014-02-09 15:28:50'),(59,15,'IDENTIFICAÇÃO DO QUESTIONÁRIO','','2014-02-09 18:01:41','2014-02-09 18:01:41'),(60,15,'BLOCO 1. LOCAL DE APLICAÇÃO','','2014-02-09 18:01:43','2014-02-09 18:01:43'),(61,15,'BLOCO 2. DADOS GERAIS DA ESCOLA','','2014-02-09 18:01:47','2014-02-09 18:01:47'),(62,15,'BLOCO 3. INFRA-ESTRUTURA FÍSICA','','2014-02-09 18:01:53','2014-02-09 18:01:53'),(63,15,'BLOCO 4. PADRÃO DE GERAÇÃO DE RESÍDUOS','','2014-02-09 18:01:56','2014-02-09 18:01:56'),(64,15,'BLOCO 5. GESTÃO DOS RESÍDUOS NA ESCOLA','','2014-02-09 18:02:00','2014-02-09 18:02:00'),(65,15,'BLOCO 6. GESTÃO DE RESÍDUOS FORA DA ESCOLA','','2014-02-09 18:02:06','2014-02-09 18:02:06'),(66,15,'BLOCO 7. ATIVIDADES PEDAGÓGICAS','','2014-02-09 18:02:11','2014-02-09 18:02:11'),(67,8,'IDENTIFICAÇÃO DO QUESTIONÁRIO','','2014-02-09 19:03:30','2014-02-09 19:03:30'),(68,8,'BLOCO 1. LOCAL DE APLICAÇÃO','','2014-02-09 19:03:34','2014-02-09 19:03:34'),(69,8,'BLOCO 2. DADOS GERAIS','','2014-02-09 19:03:38','2014-02-09 19:03:38'),(70,8,'BLOCO 3. INFRAESTRUTURA FÍSICA','','2014-02-09 19:03:42','2014-02-09 19:03:42'),(71,8,'BLOCO 4. RECURSOS HUMANOS','','2014-02-09 19:03:47','2014-02-09 19:03:47'),(72,8,'BLOCO 5. PADRÕES DE GERAÇÃO DE RESÍDUOS','','2014-02-09 19:03:51','2014-02-09 19:03:51'),(73,8,'BLOCO 6. GESTÃO DE RESÍDUOS SÓLIDOS','','2014-02-09 19:03:56','2014-02-09 19:03:56'),(74,8,'BLOCO 7. SISTEMA DE COMUNICAÇÃO E AVALIAÇÃO','','2014-02-09 19:04:00','2014-02-09 19:04:00'),(75,8,'BLOCO 8. ENTORNO','','2014-02-09 19:04:05','2014-02-09 19:04:05'),(76,13,'IDENTIFICAÇÃO DO QUESTIONÁRIO','','2014-02-09 21:17:24','2014-02-09 21:17:24'),(77,13,'BLOCO 1. IDENTIFICAÇÃO DA COOPERATIVA','','2014-02-09 21:17:28','2014-02-09 21:17:28'),(78,13,'BLOCO 2. COMPOSIÇÃO DA COOPERATIVA/ASSOCIAÇÃO','','2014-02-09 21:17:31','2014-02-09 21:17:31'),(79,13,'BLOCO 3. APOIOS INSTITUCIONAIS A COOPERATIVA/ASSOCIAÇÃO','','2014-02-09 21:17:35','2014-02-09 21:17:35'),(80,13,'BLOCO 4. GESTÃO DA COOPERATIVA/ASSOCIAÇÃO','','2014-02-09 21:17:40','2014-02-09 21:17:40'),(81,13,'BLOCO 5. INFRAESTRUTURA ATUAL DA COOPERATIVA/ASSOCIAÇÃO','','2014-02-09 21:17:46','2014-02-09 21:17:46'),(82,13,'BLOCO 6. COLETA DE MATERIAIS RECICLÁVEIS','','2014-02-09 21:17:52','2014-02-09 21:17:52'),(83,13,'BLOCO 7. COMERCIALIZAÇÃO','','2014-02-09 21:17:56','2014-02-09 21:17:56'),(84,13,'BLOCO 8. ABRANGÊNCIA DA COLETA','','2014-02-09 21:18:02','2014-02-09 21:18:02'),(85,13,'BLOCO 9. CONDIÇÕES DE TRABALHO, SEGURANÇA E SAÚDE','','2014-02-09 21:18:06','2014-02-09 21:18:06'),(86,13,'BLOCO 10. PERCEPÇÃO EM RELAÇÃO AO SETOR','','2014-02-09 21:18:11','2014-02-09 21:18:11'),(87,13,'BLOCO 11. OBSERVAÇÃO DIRETA DO PESQUISADOR','','2014-02-09 21:18:17','2014-02-09 21:18:17'),(88,11,'IDENTIFICAÇÃO DO QUESTIONÁRIO','','2014-02-10 22:01:28','2014-02-10 22:01:28'),(89,11,'IDENTIFICAÇÃO DO MUNICÍPIO','','2014-02-10 22:01:31','2014-02-10 22:01:31'),(90,11,'BLOCO 5. INFORMAÇÕES SOBRE A GESTÃO DE RESÍDUOS SÓLIDOS URBANOS (RSU)','','2014-02-10 22:01:36','2014-02-10 22:01:36'),(91,11,'BLOCO 9. INVESTIMENTO E ARRECADAÇÃO','','2014-02-10 22:01:56','2014-02-10 22:01:56');
/*!40000 ALTER TABLE `sections` ENABLE KEYS */;
UNLOCK TABLES;

--
-- Table structure for table `surveys`
--

DROP TABLE IF EXISTS `surveys`;
/*!40101 SET @saved_cs_client     = @@character_set_client */;
/*!40101 SET character_set_client = utf8 */;
CREATE TABLE `surveys` (
  `id` int(11) NOT NULL AUTO_INCREMENT,
  `name` varchar(255) DEFAULT NULL,
  `disabled` tinyint(1) DEFAULT '0',
  `created_at` datetime DEFAULT NULL,
  `updated_at` datetime DEFAULT NULL,
  `form_type` varchar(255) DEFAULT NULL,
  `form_section_id` int(11) DEFAULT NULL,
  PRIMARY KEY (`id`)
) ENGINE=InnoDB AUTO_INCREMENT=18 DEFAULT CHARSET=utf8;
/*!40101 SET character_set_client = @saved_cs_client */;

--
-- Dumping data for table `surveys`
--

LOCK TABLES `surveys` WRITE;
/*!40000 ALTER TABLE `surveys` DISABLE KEYS */;
INSERT INTO `surveys` VALUES (1,'Diagnóstico Inicial do Município',0,'2013-11-20 18:41:26','2013-11-26 01:28:35','Único',1),(2,'Cadastro das Cooperativas/Associações existentes no Município',0,'2013-11-20 18:41:53','2013-11-26 01:28:47','Liberado',1),(4,'Diagnóstico Inicial da Cooperativa/Associação ',0,'2013-11-26 01:31:04','2013-11-26 01:31:04','Liberado',2),(5,'Dados de pessoal da Cooperativa/ Associação',0,'2013-11-26 01:31:13','2013-11-26 01:31:13','Liberado',2),(6,'Diagnóstico Inicial dos Catadores de Cooperativa/Associação',0,'2013-11-26 01:31:29','2013-11-26 01:31:29','Liberado',3),(7,'Diagnostico Inicial das Escolas Públicas',0,'2013-11-26 01:31:41','2013-11-26 01:31:41','Liberado',5),(8,'Diagnostico Inicial dos Órgãos Públicos',0,'2013-11-26 01:31:49','2013-11-26 01:31:49','Liberado',5),(9,'Cadastro dos prédios públicos existentes no município',0,'2013-11-26 01:31:57','2013-11-26 01:31:57','Liberado',5),(10,'Coleta de dados mensais da Cooperativa/Associação',0,'2013-11-26 01:32:06','2013-11-26 01:32:06','Uma vez por mês',6),(11,'Coleta de dados mensais do Município ',0,'2013-11-26 01:32:16','2013-11-26 03:00:21','Uma vez por mês',6),(12,'Monitoramento Municipal',0,'2013-11-26 01:32:25','2013-11-26 03:05:45','Uma vez por ano',7),(13,'Monitoramento da Cooperativa/Associação',0,'2013-11-26 01:32:34','2013-11-26 01:32:34','Uma vez por ano',7),(14,'Monitoramento do Catador de Cooperativa/ Associação',0,'2013-11-26 01:32:51','2013-11-26 01:32:51','Uma vez por ano',7),(15,'Monitoramento da Escola Pública',0,'2013-11-26 01:32:58','2013-11-26 01:32:58','Uma vez por ano',7),(16,'Monitoramento do Órgão Público',0,'2013-11-26 01:33:07','2013-11-26 01:33:07','Uma vez por ano',7),(17,'Cadastro dos órgãos públicos existentes no município',0,'2014-02-09 12:57:27','2014-02-09 12:58:10','Liberado',1);
/*!40000 ALTER TABLE `surveys` ENABLE KEYS */;
UNLOCK TABLES;

--
-- Table structure for table `users`
--

DROP TABLE IF EXISTS `users`;
/*!40101 SET @saved_cs_client     = @@character_set_client */;
/*!40101 SET character_set_client = utf8 */;
CREATE TABLE `users` (
  `id` int(11) NOT NULL AUTO_INCREMENT,
  `role_id` int(11) DEFAULT NULL,
  `created_at` datetime DEFAULT NULL,
  `updated_at` datetime DEFAULT NULL,
  `email` varchar(255) NOT NULL,
  `encrypted_password` varchar(255) NOT NULL,
  `reset_password_token` varchar(255) DEFAULT NULL,
  `reset_password_sent_at` datetime DEFAULT NULL,
  `remember_created_at` datetime DEFAULT NULL,
  `sign_in_count` int(11) NOT NULL DEFAULT '0',
  `current_sign_in_at` datetime DEFAULT NULL,
  `last_sign_in_at` datetime DEFAULT NULL,
  `current_sign_in_ip` varchar(255) DEFAULT NULL,
  `last_sign_in_ip` varchar(255) DEFAULT NULL,
  PRIMARY KEY (`id`),
  UNIQUE KEY `index_users_on_email` (`email`),
  UNIQUE KEY `index_users_on_reset_password_token` (`reset_password_token`),
  KEY `index_users_on_role_id` (`role_id`)
) ENGINE=InnoDB AUTO_INCREMENT=3 DEFAULT CHARSET=utf8;
/*!40101 SET character_set_client = @saved_cs_client */;

--
-- Dumping data for table `users`
--

LOCK TABLES `users` WRITE;
/*!40000 ALTER TABLE `users` DISABLE KEYS */;
INSERT INTO `users` VALUES (1,1,'2013-11-20 18:32:19','2014-02-10 20:39:27','dev@inventae.com.br','$2a$10$vKHqvUHmm0OQg/APpVK/f.yWPL5sWitvR3zdd.tDvZ2/j5QKEicym',NULL,NULL,NULL,25,'2014-02-10 20:39:27','2014-02-09 12:55:18','10.0.2.2','10.0.2.2'),(2,2,'2013-11-21 16:57:55','2013-11-26 05:11:02','entrevistador@inventae.com.br','$2a$10$p0Bvc6r7Ea1PcVIHmlGw/.JWOj9TwMDQ6kwIGnhgZO8KoS09NJNs.',NULL,NULL,NULL,6,'2013-11-26 05:11:02','2013-11-26 04:27:16','201.17.72.57','127.0.0.1');
/*!40000 ALTER TABLE `users` ENABLE KEYS */;
UNLOCK TABLES;
/*!40103 SET TIME_ZONE=@OLD_TIME_ZONE */;

/*!40101 SET SQL_MODE=@OLD_SQL_MODE */;
/*!40014 SET FOREIGN_KEY_CHECKS=@OLD_FOREIGN_KEY_CHECKS */;
/*!40014 SET UNIQUE_CHECKS=@OLD_UNIQUE_CHECKS */;
/*!40101 SET CHARACTER_SET_CLIENT=@OLD_CHARACTER_SET_CLIENT */;
/*!40101 SET CHARACTER_SET_RESULTS=@OLD_CHARACTER_SET_RESULTS */;
/*!40101 SET COLLATION_CONNECTION=@OLD_COLLATION_CONNECTION */;
/*!40111 SET SQL_NOTES=@OLD_SQL_NOTES */;

-- Dump completed on 2014-02-11  0:08:33
